source,date,compound_score,positive_score,neutral_score,negative_score,tweet
@BBCNews,2018-06-23 01:04:54+00:00,0.0,0.0,1.0,0.0,Turkey's elections explained in 100 and 500 words https://t.co/xngDGkJy1o
@BBCNews,2018-06-23 01:02:26+00:00,0.0,0.0,1.0,0.0,Eastbourne: Andy Murray takes wildcard at Nature Valley International https://t.co/38diPHuzvO
@BBCNews,2018-06-23 00:22:17+00:00,0.0,0.0,1.0,0.0,House prices tumble in seaside hot spots https://t.co/ITlkNPHUN1
@BBCNews,2018-06-23 00:15:30+00:00,0.0,0.0,1.0,0.0,Netflix comms boss Jonathan Friedland sacked over ‚ÄôN-word‚Äô https://t.co/P5jXd6KR5q
@BBCNews,2018-06-22 23:49:52+00:00,-0.128,0.0,0.857,0.143,Brexit: Campaigners to demand new vote in London march https://t.co/48AOuVElBX
@BBCNews,2018-06-22 23:40:19+00:00,0.0,0.0,1.0,0.0,Game of Thrones: Kit Harington and Rose Leslie's wedding is coming https://t.co/GhfunqqF75
@BBCNews,2018-06-22 23:10:22+00:00,-0.2023,0.0,0.795,0.205,Two-thirds of drivers 'unaware of mobile penalties' https://t.co/pD2sE2nxNb
@BBCNews,2018-06-22 23:00:19+00:00,0.5574,0.31,0.69,0.0,Newspaper headlines: 'Fantastic Brexit' and 'bog roll Brexit' https://t.co/X3EjdnOaaT
@BBCNews,2018-06-22 21:42:53+00:00,-0.3182,0.0,0.796,0.204,Baron Edouard-Jean Empain who lost finger to kidnappers dies https://t.co/GnTVtrStLv
@BBCNews,2018-06-22 20:05:51+00:00,0.5859,0.241,0.759,0.0,World Cup 2018: Switzerland's Zherdan Shaqiri scores 90th minute winner against Serbia https://t.co/9jveijiZrR
@BBCNews,2018-06-22 19:40:37+00:00,-0.34,0.0,0.769,0.231,London Euston fire: Crews tackle blaze near station https://t.co/3v0yqCXAFw
@BBCNews,2018-06-22 19:20:16+00:00,0.0,0.0,1.0,0.0,World Cup 2018: Nigeria 2-0 Iceland https://t.co/TeCzJC8enz
@BBCNews,2018-06-22 19:15:32+00:00,-0.25,0.181,0.532,0.287,Van crash puppy has 'miraculous escape' https://t.co/59CZUeeF4v
@BBCNews,2018-06-22 18:14:01+00:00,-0.836,0.0,0.44,0.56,Elif Kaya death: Sister Meliha sentenced for causing death https://t.co/2AxBTD4HJW
@BBCNews,2018-06-22 17:46:44+00:00,0.296,0.216,0.784,0.0,German car shares dip on Trump tariff tweet https://t.co/czW2txEGos
@BBCNews,2018-06-22 16:53:47+00:00,0.0,0.0,1.0,0.0,Boris Becker insists CAR diplomatic passport is genuine https://t.co/NTgK4jR1rE
@BBCNews,2018-06-22 16:52:15+00:00,0.0,0.0,1.0,0.0,"Boom boom! 

When @realbasilbrush met @BBCSimonMcCoy https://t.co/OzguQVgCqH"
@BBCNews,2018-06-22 16:45:25+00:00,-0.5994,0.0,0.813,0.187,RT @BBC_HaveYourSay: The death of Koko the gorilla has linguists talking about the portrayal of sign languages https://t.co/mPazR3peFy
@BBCNews,2018-06-22 16:33:33+00:00,0.0,0.0,1.0,0.0,West End theatre renamed after Cats choreographer Gillian Lynne https://t.co/XHjsQayVVP
@BBCNews,2018-06-22 16:23:58+00:00,0.25,0.212,0.641,0.147,Lewis Hamilton tops French GP practice as Sergio Perez loses wheel https://t.co/eRCmQfTt02
@BBCNews,2018-06-22 16:23:07+00:00,-0.5267,0.106,0.606,0.288,John Leslie cleared of sexual assault in Edinburgh nightclub https://t.co/oUaSMDfNjB
@BBCNews,2018-06-22 16:13:30+00:00,0.7163,0.184,0.816,0.0,"RT @BBCSport: GOAL! #NGA 1-0 #ISL 

Ahmed Musa! He collects a cross mid-air and hammers into the back of the net - great goal!

üì∫ @BBCOne‚Ä¶"
@BBCNews,2018-06-22 16:11:14+00:00,-0.5994,0.0,0.642,0.358,Koko: Gorilla death coverage rekindles language debate https://t.co/pFmNgOEzvS
@BBCNews,2018-06-22 15:49:39+00:00,-0.4215,0.0,0.714,0.286,St Paul's Girls' School 'Austerity Day' criticised https://t.co/Zylo3jdyvv
@BBCNews,2018-06-22 14:22:16+00:00,-0.1645,0.2,0.549,0.251,Khawla Barghouthi jailed for not revealing attack plan https://t.co/Rb1vulYlHa
@BBCNews,2018-06-22 14:15:02+00:00,0.7906,0.389,0.611,0.0,World Cup 2018: Philippe Coutinho &amp; Neymar late goals hand Brazil win https://t.co/O6IfMcSRoS
@BBCNews,2018-06-22 14:05:22+00:00,0.0,0.0,1.0,0.0,Migrant families separation poster girl 'not taken from mum' https://t.co/AxGebXSwr0
@BBCNews,2018-06-22 14:04:15+00:00,0.4404,0.207,0.705,0.087,"Puppy has ""miraculous"" escape after being cut free from the wreckage of crashed van - the owners also weren't hurt‚Ä¶ https://t.co/iBtGTK8J4t"
@BBCNews,2018-06-22 13:55:56+00:00,0.0,0.0,1.0,0.0,Dorothea Lange: Piercing portraits from US history https://t.co/V8NyuuZTCy
@BBCNews,2018-06-22 13:54:37+00:00,0.0,0.0,1.0,0.0,"RT @BBCSport: GOAL! #BRA 2-0 #CRC 

Game over - Neymar adds a second deep into added time.

üìª @5liveSport 
üì± https://t.co/AnVTt3eeHi

#bbcw‚Ä¶"
@BBCNews,2018-06-22 13:53:48+00:00,-0.2263,0.0,0.826,0.174,James Corden tears up at Paul McCartney's carpool karaoke https://t.co/qr4M6VpQgX
@BBCNews,2018-06-22 13:50:45+00:00,0.5972,0.156,0.844,0.0,"RT @BBCSport: GOAL! #BRA 1-0 #CRC 

Coutinho to the rescue! He arrives late in the box to poke past Navas.

üìª @5liveSport 
üì± https://t.co/A‚Ä¶"
@BBCNews,2018-06-22 13:39:00+00:00,0.0,0.0,1.0,0.0,Kim Kardashian defends wearing hair in braids: 'I'm not tone deaf' https://t.co/jiqLA8pMkg
@BBCNews,2018-06-22 13:38:15+00:00,0.0,0.0,1.0,0.0,"RT @BBCMOTD: Drama!

After a consultation with VAR, the decision is overturned.

Neymar isn't booked...

#BRA 0-0 #CRC as you were! https:/‚Ä¶"
@BBCNews,2018-06-22 13:16:26+00:00,0.5574,0.286,0.714,0.0,"#Windrush70: Just one of the remarkable stories ‚ù§Ô∏è

Thread üëá https://t.co/Gelq3tUfCc"
@BBCNews,2018-06-22 13:09:41+00:00,0.7269,0.55,0.45,0.0,House of Fraser rescue plan approved https://t.co/POKYerDEWp
@BBCNews,2018-06-22 12:53:00+00:00,-0.1531,0.0,0.873,0.127,World Cup 2018: England's Dele Alli likely to miss Panama match https://t.co/go5gFzdCLm
@BBCNews,2018-06-22 12:39:31+00:00,-0.34,0.0,0.906,0.094,"RT @danroan: Southgate rebuke to media today when asked about Steve Holland team sheet leak gaffe: ‚ÄúObviously any time, if we were to give‚Ä¶"
@BBCNews,2018-06-22 12:38:37+00:00,0.0,0.0,1.0,0.0,'Drink-driver' clocked at 132mph near Bedford https://t.co/ABGkaPJ8I7
@BBCNews,2018-06-22 12:34:01+00:00,0.0,0.0,1.0,0.0,World Cup 2018: Brazil v Costa Rica - rate the players https://t.co/9eG76VRqvO
@BBCNews,2018-06-22 12:17:11+00:00,-0.5994,0.0,0.719,0.281,Brooklyn Nine-Nine's Stephanie Beatriz: 'I'm bi till the day I die' https://t.co/saWbKEZpWM
@BBCNews,2018-06-22 12:01:01+00:00,0.0,0.0,1.0,0.0,People mark 'Take Your Dog To Work Day' with pictures of busy pups https://t.co/OB4pKgOzm0
@BBCNews,2018-06-22 11:59:45+00:00,0.0,0.0,1.0,0.0,"RT @daily_politics: ‚ÄúIn a nutshell, what is Brexit?‚Äù @HayleyHughes_xx asks @adamfleming #bbcdp https://t.co/3x0qaVsgCl"
@BBCNews,2018-06-22 11:55:31+00:00,0.3612,0.333,0.667,0.0,Ready for more footy? #BRACRC https://t.co/8pypCKMZpZ
@BBCNews,2018-06-22 11:40:04+00:00,0.0,0.0,1.0,0.0,Lewis Hamilton fastest in French GP practice as Marcus Ericsson crashes https://t.co/dBUbpUbsb7
@BBCNews,2018-06-22 11:23:13+00:00,0.4019,0.162,0.838,0.0,"Nature Valley International: Britons Heather Watson, Harriet Dart and Katie Swan awarded Eastbourne wildcards https://t.co/QD4AHXS9sa"
@BBCNews,2018-06-22 11:18:42+00:00,0.2263,0.165,0.745,0.09,RT @BBCNewsround: 'I fought every day...' @FloellaBenjamin tells us what it was like growing up as a black child in the UK #WindrushGenerat‚Ä¶
@BBCNews,2018-06-22 11:16:25+00:00,-0.3875,0.0,0.774,0.226,Melania jacket: Five things 'I don't care' could mean https://t.co/RivnaWuGtZ
@BBCNews,2018-06-22 11:13:48+00:00,0.0,0.0,1.0,0.0,Adolf Hitler cutlery to be sold in Dorset https://t.co/EK1l4pnJba
@BBCNews,2018-06-22 10:50:05+00:00,-0.6249,0.0,0.76,0.24,Argentina: Word Cup squad is the 'worst in their history' says Ossie Ardiles https://t.co/6l0uk7WjQn
@BBCNews,2018-06-22 10:48:54+00:00,0.5994,0.231,0.769,0.0,"""Personally, I have had a beautiful life"" - the stories of three different Windrush passengers 

#Windrush70 

https://t.co/8WxoxquVTJ"
@BBCNews,2018-06-22 10:03:21+00:00,0.0772,0.149,0.712,0.139,How a World War Two soldier returned to England on the Windrush and was reunited with the love of his life ‚ù§Ô∏è‚Ä¶ https://t.co/ER6vMnKdSE
@BBCNews,2018-06-22 10:01:35+00:00,-0.4576,0.0,0.7,0.3,Arizona Uber crash driver was 'watching TV' https://t.co/w93bccfHzJ
@BBCNews,2018-06-22 09:52:07+00:00,0.0,0.0,1.0,0.0,High Court refuses bid for gender-neutral passports https://t.co/2njLv1JXdh
@BBCNews,2018-06-22 09:52:02+00:00,0.0,0.0,1.0,0.0,"RT @VictoriaLIVE: ‚ÄòThe day I found it had gone was very difficult.‚Äô 

Azra Sabados looked through her partner‚Äôs Facebook profile to seek co‚Ä¶"
@BBCNews,2018-06-22 09:50:05+00:00,0.3182,0.099,0.901,0.0,"RT @5liveSport: Who has that #FridayFeeling? üôå

We have three huge #WorldCup games to take you into the weekend...

#BRA v #CRC 
#NGA v #IS‚Ä¶"
@BBCNews,2018-06-22 09:40:35+00:00,-0.3612,0.0,0.762,0.238,Kate Spade's father dies night before designer's funeral https://t.co/ele3CqNC3J
@BBCNews,2018-06-22 09:40:01+00:00,0.4767,0.186,0.814,0.0,RT @BBCPolitics: Tourists hoping for a selfie in front of #BigBen might want to come back in a couple of years... https://t.co/IAdrI4IlGj
@BBCNews,2018-06-22 09:32:03+00:00,0.0,0.0,1.0,0.0,"We have! üòâ

Head to our Instagram profile to see: bbcnews https://t.co/PHUz1gCuQD"
@BBCNews,2018-06-22 09:00:37+00:00,0.0,0.0,1.0,0.0,XXXTentacion's girlfriend is pregnant https://t.co/YbvquxHSgu
@BBCNews,2018-06-22 08:40:36+00:00,-0.7096,0.0,0.731,0.269,"A generation ago many UK city centres were dreary and dilapidated places, with a reputation for crime. 

Now, they‚Ä¶ https://t.co/aMIwzCpBG4"
@BBCNews,2018-06-22 08:04:03+00:00,0.0,0.0,1.0,0.0,Windrush 70: The serviceman reunited with his future bride https://t.co/6gFCkk88y8
@BBCNews,2018-06-22 07:15:42+00:00,-0.3346,0.0,0.903,0.097,"RT @BBCSport: When have we ever seen Lionel Messi get a rating this low?

Here‚Äôs how you rated the players in Argentina v Croatia üëâ
https:/‚Ä¶"
@BBCNews,2018-06-22 07:09:53+00:00,0.8126,0.425,0.575,0.0,Sophie Gradon: Friend says 'Love Island needs to offer more aftercare' https://t.co/drSgoLxJn4
@BBCNews,2018-06-22 07:03:35+00:00,-0.6597,0.0,0.816,0.184,"RT @BBCMaryam: As the boss of #Intel is forced to resign after non disclosure of an affair with an employee, do you know what your company‚Ä¶"
@BBCNews,2018-06-22 06:58:05+00:00,-0.765,0.0,0.476,0.524,Bomb threat closes London's Charing Cross station https://t.co/hV6kwhx5B5
@BBCNews,2018-06-22 06:27:05+00:00,-0.6486,0.0,0.602,0.398,Home and Away's Orpheus Pledger helped stop street attack https://t.co/WuefcQsm1Z
@BBCNews,2018-06-22 06:10:51+00:00,0.0,0.0,1.0,0.0,Windrush: Coronation Street's Rhea Bailey explores family history https://t.co/XXB5GS8cJH
@BBCNews,2018-06-22 06:08:31+00:00,0.0,0.0,1.0,0.0,Sophie Gradon: ITV2 leads tributes to ex-Love Island star https://t.co/hqDKlk86yr
@BBCNews,2018-06-22 06:06:20+00:00,0.2023,0.114,0.886,0.0,"Danny Cipriani: 'For me it's always been about playing for England,' says returning fly-half https://t.co/l1dAo9X4OO"
@BBCNews,2018-06-22 06:01:37+00:00,0.0,0.0,1.0,0.0,World Cup: Lionel Messi carrying Argentina's weight of expectation https://t.co/V43IxAiybE
@BBCNews,2018-06-22 05:59:17+00:00,0.0,0.0,1.0,0.0,World Cup 2018: England v Panama - select your England team https://t.co/wyGdyIOeDD
@BBCNews,2018-06-22 05:21:48+00:00,-0.4215,0.0,0.763,0.237,"News Daily: Airbus fears, Commons gagging and Melania's jacket https://t.co/OPNGpnnYYX"
@BBCNews,2018-06-22 04:17:30+00:00,-0.128,0.0,0.857,0.143,World Cup 2018: Kylian Mbappe strike sends France through https://t.co/3BmukutrlW
@BBCNews,2018-06-22 04:15:00+00:00,0.0,0.0,1.0,0.0,World Cup 2018: Argentina 0-3 Croatia https://t.co/gPuSL1XoEH
@BBCNews,2018-06-22 01:54:48+00:00,0.0,0.0,1.0,0.0,World Cup 2018: Denmark 1-1 Australia https://t.co/uqI8VrWQd4
@BBCNews,2018-06-22 01:50:03+00:00,0.0,0.0,1.0,0.0,World Cup 2018: England starting XI for Panama game 'revealed' by assistant https://t.co/rlnLYAhkWD
@BBCNews,2018-06-22 01:45:07+00:00,0.0,0.0,1.0,0.0,Roseanne spinoff The Conners ordered - without Roseanne https://t.co/gae2h3yNen
@BBCNews,2018-06-22 01:38:12+00:00,0.0,0.0,1.0,0.0,Quiz: What causes a third of Europe's flight delays? https://t.co/0XrmtQoCR1
@BBCNews,2018-06-22 01:35:50+00:00,0.5719,0.381,0.619,0.0,Windrush anniversary celebrated at Westminster Abbey https://t.co/xftQfu1Jvz
@BBCNews,2018-06-22 01:07:49+00:00,-0.1531,0.0,0.755,0.245,Airbus warns no-deal Brexit could see it leave UK https://t.co/QwELsr5FsW
@BBCNews,2018-06-22 00:00:18+00:00,0.5106,0.248,0.752,0.0,Italy to seize NGO rescue ships as migrant row deepens https://t.co/iqIPhOIllN
@BBCNews,2018-06-21 23:53:00+00:00,0.0,0.0,1.0,0.0,Migrant children: Pentagon asked to house migrant minors https://t.co/D8Z7i2Pj0E
@BBCNews,2018-06-21 23:43:20+00:00,0.0,0.0,1.0,0.0,MPs to investigate 'fast fashion' impact https://t.co/6mujVckhjx
@BBCNews,2018-06-21 23:11:53+00:00,-0.6369,0.0,0.682,0.318,Church of England makes last-minute approach to abuse survivors https://t.co/UvhsOHMzte
@BBCNews,2018-06-21 23:06:54+00:00,0.128,0.273,0.496,0.231,Newspaper headlines: Fears and confidence over Brexit https://t.co/PReYsxtYtj
@BBCNews,2018-06-21 23:04:18+00:00,0.0,0.0,1.0,0.0,EU tariffs on US goods come into force https://t.co/cnlFjr8KJN
@BBCNews,2018-06-21 22:00:31+00:00,0.0,0.0,1.0,0.0,¬£2.4m spent on House of Commons gagging clauses https://t.co/LbdCJCE3wv
@BBCNews,2018-06-21 21:19:37+00:00,0.6124,0.2,0.8,0.0,RT @bbcweather: Thinking about Saturday already? It's looking great...and Sunday is looking gorgeous too. #Summer Tomasz S https://t.co/LIg‚Ä¶
@BBCNews,2018-06-21 21:18:44+00:00,0.0,0.0,1.0,0.0,"RT @BBCSport: What. A. Goal.

Luka Modric doubled Croatia‚Äôs lead in style.

Watchüëâhttps://t.co/2wTBYBYiQp
#bbcworldcup https://t.co/fGR4z6U‚Ä¶"
@BBCNews,2018-06-21 20:40:29+00:00,0.0,0.0,1.0,0.0,Mystery extinct ape found in ancient Chinese tomb https://t.co/3n1S2OUVr7
@BBCNews,2018-06-21 20:28:14+00:00,0.5647,0.437,0.563,0.0,Hammond: Treasury not the 'enemy of Brexit' https://t.co/uwfjmdPLNh
@BBCNews,2018-06-21 20:13:49+00:00,-0.9169,0.0,0.279,0.721,Rikki Neave death: No charges over schoolboy murder https://t.co/jbkE3VPjn2
@BBCNews,2018-06-21 19:57:53+00:00,0.34,0.159,0.736,0.105,"RT @BBCSport: FULL TIME: Argentina 0-3 Croatia. 

Croatia are through to the next round, Argentina in deep trouble. 

Great performance fro‚Ä¶"
@BBCNews,2018-06-21 19:37:11+00:00,-0.43,0.0,0.808,0.192,Melania wears 'I don't really care do u?' coat on migrant visit https://t.co/O4u9jDE6SO
@BBCNews,2018-06-21 19:34:40+00:00,0.0,0.0,1.0,0.0,Ardern and Bhutto: Two different pregnancies in power https://t.co/c73mMU3MjV
@BBCNews,2018-06-21 19:08:11+00:00,0.0772,0.126,0.874,0.0,'Rare' UK6 and 1RAN number plates up for auction https://t.co/mBuAnobTUN
@BBCNews,2018-06-21 18:53:00+00:00,-0.4588,0.0,0.636,0.364,Watchdog expected to find Vote Leave broke rules https://t.co/IQBMyZ2QmV
@BBCNews,2018-06-21 18:05:55+00:00,-0.743,0.0,0.588,0.412,'Wolf pack' jailed for sex attack released by Spanish court https://t.co/gylBLY1LjP
@BBCNews,2018-06-21 17:36:44+00:00,0.0,0.0,1.0,0.0,Ariana Grande and political samples in music https://t.co/STeEWoHmdz
@CBSNews,2018-06-23 00:59:49+00:00,-0.0516,0.121,0.75,0.129,"""We have a broken immigration system, both of these bills are better than the system that we have now"": Republicans‚Ä¶ https://t.co/qcxp1cmFD6"
@CBSNews,2018-06-23 00:39:46+00:00,0.0,0.0,1.0,0.0,"""Each minute that I am separated from my children is anguish"": Read the handwritten notes in a court filing from pa‚Ä¶ https://t.co/ksqOa740Y3"
@CBSNews,2018-06-23 00:19:37+00:00,-0.1027,0.0,0.928,0.072,The Hard Rock Hotel &amp; Casino in Atlantic City doesn't have rhythm. Just look at their new sign‚Ä¶ https://t.co/6oMl7bNKfQ
@CBSNews,2018-06-23 00:00:01+00:00,-0.2023,0.0,0.921,0.079,"She's had to hump it over a few obstacles, but the baby camel born at the Toledo Zoo is doing just fine‚Ä¶ https://t.co/TXxcYhH0jw"
@CBSNews,2018-06-22 23:29:47+00:00,0.0,0.0,1.0,0.0,Correspondent Mark Strassmann was permitted in a facility holding migrant children. Restrictions included a strictl‚Ä¶ https://t.co/zQ7xGCoUmR
@CBSNews,2018-06-22 23:23:58+00:00,-0.7003,0.0,0.691,0.309,"""We'll make s--t up"": Cop fired for unwarranted traffic stop of daughter's boyfriend https://t.co/xYr7MMSEA6 https://t.co/0GcmqHkNKb"
@CBSNews,2018-06-22 22:46:52+00:00,0.5574,0.167,0.833,0.0,RT @CBSEveningNews The U.S. Supreme Court ruled Friday that police generally need to have a warrant to track a susp‚Ä¶ https://t.co/3rHsQtPghr
@CBSNews,2018-06-22 22:39:03+00:00,0.0,0.0,1.0,0.0,"RT @CBSEveningNews: Hundreds of children separated at the border have been reunited with their families, following the president‚Äôs executiv‚Ä¶"
@CBSNews,2018-06-22 22:30:01+00:00,0.0,0.0,1.0,0.0,"Just as Saudi women set to get behind the wheel, their government has begun arresting those who dare to campaign fo‚Ä¶ https://t.co/1tJ36lpiVu"
@CBSNews,2018-06-22 22:15:04+00:00,-0.296,0.0,0.896,0.104,Explorers have walked to the South Pole before. But no one's done it using solely renewable energy‚Äî until now‚Ä¶ https://t.co/wH8pIOQV17
@CBSNews,2018-06-22 22:14:22+00:00,-0.1531,0.089,0.792,0.119,"Netflix's top spokesperson is leaving the company for using the N-word. Unfortunately, the N-word was not Netflix‚Ä¶ https://t.co/L8Knfyt7Gw"
@CBSNews,2018-06-22 22:00:02+00:00,-0.2023,0.0,0.909,0.091,Sources said the U.S. Attorney's Office would be dismissing cases in which parents were charged with illegally ente‚Ä¶ https://t.co/NJnL381Gga
@CBSNews,2018-06-22 21:44:46+00:00,0.0,0.0,1.0,0.0,"Tariffs against European automobiles sold stateside could cost 195,000 U.S. jobs. Retaliatory tariffs against Ameri‚Ä¶ https://t.co/qkMbU67Sbw"
@CBSNews,2018-06-22 21:29:51+00:00,-0.2023,0.0,0.904,0.096,Michigan State University voted to keep on its controversial interim president John Engler during a meeting to disc‚Ä¶ https://t.co/BHCeRQYDvW
@CBSNews,2018-06-22 21:14:49+00:00,0.0,0.0,1.0,0.0,"The Keystone virus, discovered in 1964 in the Tampa Bay area, was previously only found in animals. It's been disco‚Ä¶ https://t.co/XoMTgX6MBg"
@CBSNews,2018-06-22 20:59:57+00:00,-0.4767,0.0,0.829,0.171,A woman noticed something wrong in a series of selfies. The culprit literally made her skin crawl‚Ä¶ https://t.co/N5ZFHmrlMy
@CBSNews,2018-06-22 20:45:01+00:00,0.3182,0.108,0.892,0.0,"When fans pointed out merch for Shakira's ""El Dorado World Tour"" had hidden swastikas, Live Nation apologized for t‚Ä¶ https://t.co/wfbRP8A0kc"
@CBSNews,2018-06-22 20:29:30+00:00,-0.7964,0.0,0.664,0.336,"Jurors found ex-mob boss ""Cadillac Frank"" Salemme guilty of murdering a night club owner in 1993‚Ä¶ https://t.co/qDMIhlSdD4"
@CBSNews,2018-06-22 20:15:01+00:00,-0.4019,0.0,0.876,0.124,"President Trump said Republicans who intend to vote on a compromise bill are ""wasting their time"" at an event honor‚Ä¶ https://t.co/6CNXf3Utx6"
@CBSNews,2018-06-22 19:48:09+00:00,-0.9118,0.0,0.564,0.436,A man was killed while trying to steal copper from a light pole. His death was quite literally shocking‚Ä¶ https://t.co/67YWetxP45
@CBSNews,2018-06-22 19:30:00+00:00,0.0,0.0,1.0,0.0,"Today is ""Take Your Dog To Work Day."" But if you worked at these 10 companies, every day would be.‚Ä¶ https://t.co/Fx46Df4tYa"
@CBSNews,2018-06-22 19:16:56+00:00,0.8555,0.354,0.646,0.0,"""Our first duty and highest loyalty is to the citizens of the United States. We want safety in our country. We want‚Ä¶ https://t.co/QxB41zJfEi"
@CBSNews,2018-06-22 19:03:14+00:00,-0.6249,0.0,0.806,0.194,House votes to send the Senate more than 50 bills aimed at tackling the opioid crisis https://t.co/NVpuxpLlUn https://t.co/G7FipcndeE
@CBSNews,2018-06-22 18:47:19+00:00,-0.4805,0.0,0.822,0.178,"""These are the stories that Democrats and people that are weak on immigration --they don't want to discuss, they do‚Ä¶ https://t.co/3i6JlzvqLN"
@CBSNews,2018-06-22 18:44:03+00:00,-0.1531,0.0,0.918,0.082,"WATCH LIVE: President Trump is making new comments on immigration with ""Angel families"" -- families affected by cri‚Ä¶ https://t.co/dSzJ9nSXRN"
@CBSNews,2018-06-22 18:30:31+00:00,0.0,0.0,1.0,0.0,The Chevy Blazer is coming back -- and it'll be made in Mexico https://t.co/l4dRQ18BAW https://t.co/vFUGgIhv0h
@CBSNews,2018-06-22 18:09:30+00:00,0.1264,0.167,0.689,0.143,"Artist reimagines Melania Trump's ""I really don't care"" jacket for the Statue of Liberty: https://t.co/bvsjOozirr https://t.co/MbVMUwvoff"
@CBSNews,2018-06-22 17:55:35+00:00,0.4939,0.176,0.824,0.0,Looking for a dog friendly office? Here's where you can take your pup to work: https://t.co/QU8r8L6leJ‚Ä¶ https://t.co/OGfTFKSbdm
@CBSNews,2018-06-22 17:39:59+00:00,-0.5106,0.0,0.845,0.155,Authorities in Kansas City are searching for a girl they believe was abducted by a gunman who shot her grandfather‚Ä¶ https://t.co/tpDu4tgXNg
@CBSNews,2018-06-22 17:25:25+00:00,-0.1027,0.0,0.924,0.076,"The Hard Rock Hotel &amp; Casino in Atlantic City doesn't have rhythm -- it's got ""rhythem"" https://t.co/mRzzEVhTc4 https://t.co/enaU8zihmu"
@CBSNews,2018-06-22 17:07:24+00:00,-0.5106,0.0,0.798,0.202,"Disturbing news costs U.S. companies $43.6 million every minute, a new study says https://t.co/M69GhuZ8yJ https://t.co/BfhuoBsdUH"
@CBSNews,2018-06-22 16:58:55+00:00,0.0,0.0,1.0,0.0,"WATCH: Rep. Nancy Pelosi, House Democrats hold a news conference ahead of expected vote on immigration next week‚Ä¶ https://t.co/UWNPTmPINH"
@CBSNews,2018-06-22 16:41:33+00:00,-0.6249,0.0,0.83,0.17,"As tens of thousands more people continue to flee deadly gang violence in El Salvador, one community has found a wa‚Ä¶ https://t.co/ncDd2lFVXP"
@CBSNews,2018-06-22 16:25:50+00:00,-0.7269,0.0,0.783,0.217,"RT @CBSSunday: THIS SUNDAY 

In the decades after World War II, the Lower East Side became one of NY‚Äôs most diverse neighborhoods

The new‚Ä¶"
@CBSNews,2018-06-22 16:17:51+00:00,0.5574,0.247,0.753,0.0,"UPS workers and their union have reached a tentative agreement on a five-year contract, averting national strike:‚Ä¶ https://t.co/5y13pz3nEI"
@CBSNews,2018-06-22 16:00:52+00:00,-0.802,0.0,0.714,0.286,"A photo of a crying immigrant girl became the iconic image of the child separation crisis, even though she was neve‚Ä¶ https://t.co/aYbI70jeeB"
@CBSNews,2018-06-22 15:43:45+00:00,0.0,0.0,1.0,0.0,"5 female activists were gang-raped at gunpoint in India, police say https://t.co/w40H94aCKa https://t.co/fR5OMuQAeo"
@CBSNews,2018-06-22 15:25:02+00:00,-0.34,0.0,0.862,0.138,"""Shoot them all at the border"": DMV employee investigated for Facebook comment on immigrants https://t.co/pG38bWXEAs https://t.co/pFJrzXWKgQ"
@CBSNews,2018-06-22 15:09:39+00:00,-0.2263,0.191,0.584,0.226,The Supreme Court says police generally need a search warrant if they want to track criminal suspects' movements by‚Ä¶ https://t.co/blWCidXS9v
@CBSNews,2018-06-22 14:55:04+00:00,0.5574,0.205,0.795,0.0,The Supreme Court just made it more expensive for you to shop online: https://t.co/wA1v00Dmod https://t.co/W1e9Wqskl3
@CBSNews,2018-06-22 14:44:17+00:00,0.0516,0.15,0.708,0.142,NEW: Supreme Court rules police need search warrants in order to take location data from a criminal suspect's cellp‚Ä¶ https://t.co/UcPLNxvMKL
@CBSNews,2018-06-22 14:25:15+00:00,-0.3612,0.0,0.857,0.143,Some young immigrants at a detention center in the mountains of Virginia are coping through poetry‚Ä¶ https://t.co/Fwzy1JcSEF
@CBSNews,2018-06-22 14:09:34+00:00,-0.4767,0.0,0.866,0.134,"The crying  Honduran girl on the cover of Time was never separated from her mother, according to Border Patrol agen‚Ä¶ https://t.co/j4Y81kUrJ8"
@CBSNews,2018-06-22 13:52:27+00:00,0.0,0.0,1.0,0.0,Roughly 500 immigrant children who were separated from their families at the southern border have been reunited wit‚Ä¶ https://t.co/fKdxKtsxm2
@CBSNews,2018-06-22 13:47:58+00:00,0.0,0.0,1.0,0.0,"RT @DavidBegnaud: Here is everything we‚Äôve confirmed as of 9:39am ET, about the mother &amp; daughter seen in the now viral image being detaine‚Ä¶"
@CBSNews,2018-06-22 13:30:11+00:00,-0.4404,0.0,0.868,0.132,A mother from Guatemala sobbed when she was reunited with her son in Baltimore on Friday after being separated from‚Ä¶ https://t.co/N8DSil804C
@CBSNews,2018-06-22 13:15:22+00:00,0.0,0.0,1.0,0.0,"President Trump threw a wrench in Republicans' efforts to pass sweeping immigration legislation soon, tweeting that‚Ä¶ https://t.co/bBctIDwf5b"
@CBSNews,2018-06-22 13:04:14+00:00,0.0,0.0,1.0,0.0,The EU is enforcing tariffs on $3.4 billion in U.S. products in retaliation to duties the Trump administration has‚Ä¶ https://t.co/FWFuldLZF4
@CBSNews,2018-06-22 12:53:49+00:00,0.3612,0.137,0.863,0.0,"RT @CBSThisMorning: In the middle of this nonstop news cycle, we want to take a moment to reflect. @JDickerson shares his thoughts on the b‚Ä¶"
@CBSNews,2018-06-22 12:42:47+00:00,-0.5423,0.0,0.837,0.163,RT @CBSThisMorning: A 13 year-old boy faces a felony charge in Illinois for recording a conversation with his school principals without the‚Ä¶
@CBSNews,2018-06-22 12:38:05+00:00,0.296,0.115,0.885,0.0,"REUNITED: A migrant mother and son from Guatemala, who were separated crossing the U.S. border, share an emotional‚Ä¶ https://t.co/y0S30oTmnf"
@CBSNews,2018-06-22 12:26:28+00:00,-0.7717,0.0,0.739,0.261,The Port of New York and New Jersey has historically been exploited by criminals who force payoffs and other kickba‚Ä¶ https://t.co/CcTje6SXrv
@CBSNews,2018-06-22 12:24:06+00:00,0.0,0.0,1.0,0.0,Labor Department figures show solar panel and wind turbine technicians are the two fastest-growing careers in the c‚Ä¶ https://t.co/mtKJQ9H3Lq
@CBSNews,2018-06-22 12:14:55+00:00,0.4939,0.138,0.808,0.054,Online shoppers may soon have to pay extra to cover sales tax. The Supreme Court ruled that states can now force on‚Ä¶ https://t.co/JdXDYkfO6X
@CBSNews,2018-06-22 12:11:23+00:00,-0.6249,0.0,0.823,0.177,Tens of thousands more people are fleeing deadly gang violence in El Salvador while some communities search for way‚Ä¶ https://t.co/F4LEogYrfS
@CBSNews,2018-06-22 12:05:32+00:00,0.2584,0.12,0.88,0.0,President Trump is now telling Republicans in Congress not to bother with an immigration overhaul:‚Ä¶ https://t.co/kCc7Gujt7Y
@CBSNews,2018-06-22 12:00:07+00:00,0.0258,0.12,0.766,0.115,"Hot Like Fire: Late R&amp;B singer Aaliyah-inspired makeup collection sells out within minutes, nearly two decades afte‚Ä¶ https://t.co/g1LtRVSHkN"
@CBSNews,2018-06-22 11:53:57+00:00,-0.6249,0.083,0.664,0.253,The agency created to fight organized crime on New York and New Jersey docks may be pushed out:‚Ä¶ https://t.co/IXrwLD8ntB
@CBSNews,2018-06-22 11:50:38+00:00,0.0,0.0,1.0,0.0,"The Port of New York and New Jersey processes nearly 7M cargo containers a year, delivering more than $200B in good‚Ä¶ https://t.co/Vapz8kYOv2"
@CBSNews,2018-06-22 11:44:13+00:00,-0.7003,0.0,0.756,0.244,"The picture of a Honduran girl crying as she and her mother are detained in Texas has grabbed worldwide attention,‚Ä¶ https://t.co/7gao9iM4gx"
@CBSNews,2018-06-22 11:40:38+00:00,-0.3384,0.0,0.916,0.084,"RT @CBSThisMorning: ""I asked her how long she'd been traveling, and she gave me this very weary look, and she said she'd been on the road w‚Ä¶"
@CBSNews,2018-06-22 11:39:24+00:00,-0.7003,0.0,0.775,0.225,The photo of a Honduran girl crying as she and her mom are detained in Texas has grabbed worldwide attention and co‚Ä¶ https://t.co/1JRKkkARdC
@CBSNews,2018-06-22 11:25:05+00:00,0.4215,0.128,0.872,0.0,"A popular Chinese social media site is censoring discussion of ""Last Week Tonight"" and its HBO host John Oliver aft‚Ä¶ https://t.co/ZvQrK8vAbx"
@CBSNews,2018-06-22 11:22:56+00:00,0.1027,0.062,0.938,0.0,Women in Saudi Arabia are set to drive legally for the first time this weekend after the government lifted the worl‚Ä¶ https://t.co/YnZpwTIFtn
@CBSNews,2018-06-22 11:20:51+00:00,-0.128,0.15,0.676,0.174,Pulitzer Prize-winning columnist and cable news pundit Charles Krauthammer died Thursday. Friends and colleagues at‚Ä¶ https://t.co/JhpHUv5Hyr
@CBSNews,2018-06-22 11:18:51+00:00,-0.3818,0.0,0.88,0.12,Texas Gov. Greg Abbott has declared a state of emergency in 6 counties after days of torrential rains near the bord‚Ä¶ https://t.co/MxtU4WYxHa
@CBSNews,2018-06-22 11:17:29+00:00,-0.4404,0.0,0.804,0.196,Large crowds of protesters shut down a major highway near Pittsburgh overnight. The protest halted traffic for hour‚Ä¶ https://t.co/k3HTf3tKq6
@CBSNews,2018-06-22 11:14:52+00:00,0.34,0.175,0.825,0.0,A long-term immigration solution may be even further out of reach in Washington this morning. Republican leaders ar‚Ä¶ https://t.co/j87ZnVxMwh
@CBSNews,2018-06-22 11:10:08+00:00,0.0,0.0,1.0,0.0,A mom from Guatemala couldn't hold back when she saw her 7-year-old son for the first time since they were separate‚Ä¶ https://t.co/CXklFJoGUV
@CBSNews,2018-06-22 11:07:30+00:00,0.0,0.0,1.0,0.0,A senior official tells CBS News about 500 children have been reunited with their families since the Trump administ‚Ä¶ https://t.co/5XBYPQwV5o
@CBSNews,2018-06-22 11:00:04+00:00,-0.4019,0.0,0.87,0.13,"1 more U.S. Embassy worker in Cuba has ""confirmed"" mystery illness, the State Department says, bringing the total n‚Ä¶ https://t.co/V16m0HBRvS"
@CBSNews,2018-06-22 10:39:52+00:00,0.0,0.0,1.0,0.0,"On this week's @TakeoutPodcast, Trump aide Kevin Hassett says immigration is a ""contentious"" issue despite a small‚Ä¶ https://t.co/WXYJHOX5ou"
@CBSNews,2018-06-22 10:36:26+00:00,-0.4019,0.0,0.87,0.13,"RT @CBSThisMorning: THIS MORNING: 
üîú@DavidBegnaud has the latest on detained border families
üîú@nxthompson on SCOTUS ruling for internet sal‚Ä¶"
@CBSNews,2018-06-22 10:36:22+00:00,0.0,0.0,1.0,0.0,RT @CBSThisMorning: Here's what we're working on this morning: https://t.co/E4JptodKAO
@CBSNews,2018-06-22 10:35:38+00:00,0.0085,0.095,0.811,0.094,RT @DavidBegnaud: EXCLUSIVE: the Border Patrol agent who searched a mom ‚Äî accused of entering the U.S. illegally with her young daughter ‚Äî‚Ä¶
@CBSNews,2018-06-22 10:30:01+00:00,0.0,0.0,1.0,0.0,"SCOTUS ruled yesterday that states can now force online retailers to charge a sales tax, even if the company doesn'‚Ä¶ https://t.co/6MYoTfTp3R"
@CBSNews,2018-06-22 10:23:19+00:00,0.1027,0.062,0.938,0.0,Women in Saudi Arabia are set to drive legally for the first time this weekend. The government there lifted the wor‚Ä¶ https://t.co/nYtfHE7Vfp
@CBSNews,2018-06-22 10:16:50+00:00,0.0,0.0,1.0,0.0,A 7-year-old boy and his migrant mother who were separated have been reunited after she sued in federal court and t‚Ä¶ https://t.co/6kV0ZExvqd
@CBSNews,2018-06-22 10:03:04+00:00,-0.9022,0.0,0.498,0.502,Lawyer: No threat from unarmed teen shot dead by officer while fleeing traffic stop https://t.co/yr3jGxWoev https://t.co/Y2bQLiuQBs
@CBSNews,2018-06-22 09:48:04+00:00,0.0,0.0,1.0,0.0,"Purdue Pharma used deceptive sales tactic for OxyContin after settlement, ex-sales rep says https://t.co/dgysEfKsvG https://t.co/bj1G1sRm4K"
@CBSNews,2018-06-22 09:33:03+00:00,-0.25,0.0,0.846,0.154,Timeline for reuniting separated families remains unclear as questions mount https://t.co/JdHQMxdCwb https://t.co/jDSFY6a0YO
@CBSNews,2018-06-22 09:18:03+00:00,0.0,0.0,1.0,0.0,Turpin sister's photos of shackled siblings draw gasps in court https://t.co/EG1KqXHxzO https://t.co/7kGNBtI4Io
@CBSNews,2018-06-22 09:03:03+00:00,-0.5719,0.0,0.684,0.316,American whiskey makers face dreaded reality: Tariffs https://t.co/1Bm7in6S2F https://t.co/z22SHP0Xut
@CBSNews,2018-06-22 08:48:03+00:00,0.0,0.0,1.0,0.0,Mixed-race family asks Blue Bell Ice Cream to change flavor name to be more inclusive https://t.co/TFWgsWVh9U https://t.co/eqvARp3W1X
@CBSNews,2018-06-22 08:33:03+00:00,0.4019,0.184,0.816,0.0,Delta Air Lines bans pit bulls as service or support animals https://t.co/RnhhKMNj67 https://t.co/izjjacSOjx
@CBSNews,2018-06-22 08:18:03+00:00,0.0,0.0,1.0,0.0,Gina Rodriguez uses Emmys campaign money to fund scholarship for undocumented student https://t.co/m8WGN7Pgru https://t.co/BPuE5ox2KA
@CBSNews,2018-06-22 08:03:04+00:00,-0.6705,0.0,0.757,0.243,"Bear that killed hiker likely mauled volunteer looking for him, Alaska police say https://t.co/vAaw0v7vdP https://t.co/8cGNWUJFzr"
@CBSNews,2018-06-22 07:48:03+00:00,-0.886,0.0,0.536,0.464,Arrest in 1986 cold case murder of 12-year-old Washington girl abducted from park https://t.co/nLwwik9FKz https://t.co/xwzX4wiC6V
@CBSNews,2018-06-22 07:33:03+00:00,-0.6369,0.0,0.769,0.231,Officer who fatally shot running teen in East Pittsburgh was just sworn in https://t.co/6RYLSgMs3B https://t.co/xtbMX55DTl
@CBSNews,2018-06-22 07:18:04+00:00,-0.9153,0.0,0.522,0.478,"Dad of teen who died after being mistaken for dead says fire department ""dropped the ball"" https://t.co/ygNuQO1NlX https://t.co/K43OqQUubq"
@CBSNews,2018-06-22 07:03:03+00:00,-0.4215,0.0,0.851,0.149,"At least 33 children fall ill at Lake Placid summer camp in Florida, authorities say https://t.co/4u8PkbMxa1 https://t.co/A5moaXRhvF"
@CBSNews,2018-06-22 06:48:03+00:00,-0.8176,0.0,0.485,0.515,Florida police arrest suspect in shooting death of XXXTentacion https://t.co/5mW0XzBGiI https://t.co/YiRFjTx4yC
@CBSNews,2018-06-22 06:33:03+00:00,-0.9136,0.0,0.461,0.539,Report: 13 bald eagles found dead in Maryland died by poisoning https://t.co/7OCX6C3Pkx https://t.co/2ngQTejHed
@CBSNews,2018-06-22 06:18:03+00:00,-0.6486,0.0,0.719,0.281,"Koko, the gorilla who mastered sign language, dead at 46 https://t.co/Vf7aEqReNR https://t.co/Cuk4sFMbf6"
@CBSNews,2018-06-22 06:03:03+00:00,0.0,0.0,1.0,0.0,Dean Cain joins Idaho police department https://t.co/eHUJDVeL6T https://t.co/PfqPn5Uc4P
@CBSNews,2018-06-22 05:48:04+00:00,-0.8807,0.0,0.537,0.463,Charges: Mom said she dumped boy's body in ocean when he died after head injury https://t.co/jkVqt9kLZe https://t.co/1de0bUArm9
@CBSNews,2018-06-22 05:33:03+00:00,0.0,0.0,1.0,0.0,The businesses making millions from Trump's child separation policy https://t.co/aByn75UTG7 https://t.co/6m7xaC7K4p
@CBSNews,2018-06-22 05:18:03+00:00,-0.6771,0.0,0.664,0.336,"McAllen, Texas, braces for more rain following devastating flooding https://t.co/bAr4yYs4Bv"
@CBSNews,2018-06-22 05:03:03+00:00,-0.5994,0.0,0.738,0.262,Woman's body found after floodwaters wreak havoc in western Pennsylvania https://t.co/l45RlT45D9 https://t.co/PEJHQdrEDF
@CBSNews,2018-06-22 04:48:03+00:00,0.34,0.194,0.806,0.0,New evidence that viruses may play a role in Alzheimer‚Äôs https://t.co/TzBQ4go89e https://t.co/0LvfRlW54g
@CNN,2018-06-23 01:00:44+00:00,0.5859,0.194,0.806,0.0,"Actor Dean Cain, who played Superman in ""Lois &amp;amp; Clark: The New Adventures of Superman,"" was just sworn in as a‚Ä¶ https://t.co/zmeQSMq1yc"
@CNN,2018-06-23 00:54:58+00:00,-0.4939,0.0,0.873,0.127,"RT @AC360: President Trump calls portrayals of families' grief over separations at the border as ""phony""

""So two days ago, the stories wer‚Ä¶"
@CNN,2018-06-23 00:53:04+00:00,-0.4404,0.105,0.711,0.184,"""It's like they're putting a knife in your chest and killing you.""

A Guatemalan immigrant reunited with her son ea‚Ä¶ https://t.co/gtA28XntCX"
@CNN,2018-06-23 00:45:10+00:00,0.0,0.0,1.0,0.0,Actor Tom Arnold says he has tapes of the President that have yet to be heard by the public https://t.co/hplijUdhKr https://t.co/8ylShFDOyR
@CNN,2018-06-23 00:41:28+00:00,0.296,0.099,0.901,0.0,"RT @OutFrontCNN: ""Oh yeah, he's got tapes."" - Tom Arnold tells @PoppyHarlowCNN that Michael Cohen has recordings, suggests they could be pr‚Ä¶"
@CNN,2018-06-23 00:40:48+00:00,0.0,0.0,1.0,0.0,RT @OutFrontCNN: 17. That is how many seconds of silence expired while @PoppyHarlowCNN waited for Tom Arnold to answer her question about w‚Ä¶
@CNN,2018-06-23 00:37:04+00:00,-0.8689,0.0,0.612,0.388,The suspect in New York's deadliest terror attack since 9/11 was arraigned on new charges -- six counts of attempte‚Ä¶ https://t.co/hEv1f9YHXf
@CNN,2018-06-23 00:30:06+00:00,-0.2732,0.0,0.9,0.1,The College Board wants to cut thousands of years from its AP World History test. Teachers aren't having it.‚Ä¶ https://t.co/90ThruGQgC
@CNN,2018-06-23 00:22:02+00:00,-0.2732,0.118,0.717,0.165,"From beginning to end, this week was politically disastrous for Trump ‚Äî and for Republicans hoping to build momentu‚Ä¶ https://t.co/9BOlrq7kMx"
@CNN,2018-06-23 00:15:06+00:00,0.4404,0.162,0.838,0.0,Let XXXTentacion's passing spell the end of his fame | By Liz Lazzara for @CNNopinion https://t.co/XsVKhWqVmS https://t.co/Xn4v0OrKHH
@CNN,2018-06-23 00:10:09+00:00,0.0,0.0,1.0,0.0,"About 9,000 bourbon barrels plummeted to the ground at Barton 1792 Distillery, home of the brand 1792 Bourbon‚Ä¶ https://t.co/NhxEr4dwMt"
@CNN,2018-06-23 00:00:32+00:00,0.0,0.0,1.0,0.0,The follow up to one of the biggest movies of all-time is roaring onto movie screens. Here's a preview of 'Jurassic‚Ä¶ https://t.co/la4ZTSgXef
@CNN,2018-06-22 23:50:01+00:00,0.2023,0.079,0.921,0.0,A top Netflix executive has left the company after he used the N-word in front of colleagues on more than one occas‚Ä¶ https://t.co/XxiDvD6mlu
@CNN,2018-06-22 23:40:08+00:00,-0.2732,0.0,0.896,0.104,Planned Parenthood is suing the Department of Health and Human Services over changes to the agency's embattled Teen‚Ä¶ https://t.co/sCyll9NlZq
@CNN,2018-06-22 23:29:05+00:00,0.0,0.0,1.0,0.0,Three undocumented immigrants who filed suit Wednesday over being forcibly separated from their children are asking‚Ä¶ https://t.co/iQo7aeoWOJ
@CNN,2018-06-22 23:15:07+00:00,-0.0572,0.0,0.936,0.064,"Rep. Steve King, Republican of Iowa, said he doesn't want Somali Muslims working in his home district's meat-packin‚Ä¶ https://t.co/N7juwI4tjr"
@CNN,2018-06-22 23:00:04+00:00,0.0,0.0,1.0,0.0,An internal draft Navy memo identifies potential housing locations for tens of thousands of immigrants at military‚Ä¶ https://t.co/ULnMfCPVeC
@CNN,2018-06-22 22:45:07+00:00,-0.3182,0.128,0.685,0.187,How 8 minutes of powerful audio came to define the family separation crisis | Analysis by Chris Cillizza‚Ä¶ https://t.co/j2YbDiKilg
@CNN,2018-06-22 22:30:07+00:00,0.7243,0.299,0.607,0.094,Republicans said there are still outstanding records requests that the Justice Department has not satisfied in the‚Ä¶ https://t.co/7AG2R380U8
@CNN,2018-06-22 22:16:06+00:00,0.0,0.0,1.0,0.0,"Perishable food from the canceled congressional picnic was donated to Walter Reed National Military Medical Center,‚Ä¶ https://t.co/DUR6TfhwRm"
@CNN,2018-06-22 22:00:21+00:00,-0.4767,0.0,0.819,0.181,Time magazine stands by illustration of crying girl next to Trump amid backlash https://t.co/1yjg3sVNPq https://t.co/FdYRbOHKTj
@CNN,2018-06-22 21:38:04+00:00,0.0,0.0,1.0,0.0,"Michelle Obama is attending the opening of the annual American Library Association

Watch live: https://t.co/o46ZlSsNug"
@CNN,2018-06-22 21:31:17+00:00,0.128,0.118,0.786,0.096,NASA has a new plan to stop asteroids and help scientists detect near-Earth objects they haven't been able to find‚Ä¶ https://t.co/ZN71CjGOKi
@CNN,2018-06-22 21:15:07+00:00,0.0,0.0,1.0,0.0,"In one week, Trump has tied himself into an impossible immigration knot, writes @zbyronwolf https://t.co/AGPqQIHKub https://t.co/k6h7CSEM55"
@CNN,2018-06-22 21:00:13+00:00,0.0772,0.067,0.933,0.0,"Since taking office, EPA Administrator Scott Pruitt has sent only a small number of external emails from his offici‚Ä¶ https://t.co/vQvsHrBD16"
@CNN,2018-06-22 20:45:04+00:00,-0.5859,0.077,0.684,0.239,"China's ZTE, which the US government has accused of repeated sanctions violations, has paid a $1 billion fine, a Co‚Ä¶ https://t.co/rcixiJUHLS"
@CNN,2018-06-22 20:33:04+00:00,-0.6597,0.0,0.812,0.188,The Republican nominee for a US House seat in New Jersey has said diversity leads to Muslims killing Christians and‚Ä¶ https://t.co/hzuv4oNRrZ
@CNN,2018-06-22 20:23:00+00:00,0.0,0.0,1.0,0.0,"Parents and children from Urban Academy, a charter school in Pittsburgh, Pennsylvania, held hands in silence on Fri‚Ä¶ https://t.co/v3Zcu1aqU4"
@CNN,2018-06-22 20:10:07+00:00,0.0,0.0,1.0,0.0,The Trump administration said says it has reunified approximately 500 families separated at the border but the stat‚Ä¶ https://t.co/yAXsrQoRhR
@CNN,2018-06-22 20:00:12+00:00,-0.4939,0.096,0.68,0.224,Rep. Ted Lieu played the sounds of crying children from a detention facility on the House floor Friday afternoon. R‚Ä¶ https://t.co/XdtBO0Jf7o
@CNN,2018-06-22 19:59:51+00:00,0.0,0.0,1.0,0.0,A far-right pundit appointed to a post at the Department of Health and Human Services listed on her resume past wor‚Ä¶ https://t.co/8EPOMwY5xQ
@CNN,2018-06-22 19:51:04+00:00,-0.6908,0.0,0.769,0.231,Rhode Island just became the latest state to try and fail to pass legislation that would put pressure on President‚Ä¶ https://t.co/8mQ3zMRKkN
@CNN,2018-06-22 19:40:09+00:00,0.3182,0.119,0.881,0.0,Orlando's airport is the first in the US to expand automated facial-recognition technology to all international tra‚Ä¶ https://t.co/BW4cjesTRg
@CNN,2018-06-22 19:30:12+00:00,0.4588,0.162,0.766,0.072,Etsy sellers are confronting unknowns after a new Supreme Court ruling that upends how states handle online sales t‚Ä¶ https://t.co/H6sWAMAyPo
@CNN,2018-06-22 19:21:06+00:00,-0.6249,0.0,0.814,0.186,"The House passed the most expansive legislation Congress has taken to date to address the opioid crisis, approving‚Ä¶ https://t.co/TxcwByaMAV"
@CNN,2018-06-22 19:11:07+00:00,0.0,0.0,1.0,0.0,"The Republican mayor of America's largest border city slams Trump on Mexico: ""His rhetoric is not applicable to El‚Ä¶ https://t.co/pSEVh0jSEk"
@CNN,2018-06-22 19:01:08+00:00,-0.1531,0.174,0.625,0.201,"Trump describes families of Americans killed by immigrants as ""permanently separated from their loved ones"" https://t.co/TCJIDNF34r"
@CNN,2018-06-22 18:52:08+00:00,0.0,0.0,1.0,0.0,T-shirt makers are riffing on Melania Trump's jacket and donating the proceeds to refugee services‚Ä¶ https://t.co/4SxFhuv0rz
@CNN,2018-06-22 18:41:10+00:00,-0.128,0.0,0.897,0.103,Democrats demand answers on how immigrant parents will be reunited with children https://t.co/SQtN0sVymB https://t.co/s5XkXPUAAo
@CNN,2018-06-22 18:21:05+00:00,-0.5719,0.0,0.773,0.227,"Rising wages are forcing fast-food chains to make a crucial decision: Raise menu prices and risk losing customers,‚Ä¶ https://t.co/scZDqQ6qpi"
@CNN,2018-06-22 18:04:22+00:00,-0.5106,0.0,0.852,0.148,"Americans born into poverty are more likely than ever before to stay that way under the Trump administration, accor‚Ä¶ https://t.co/SBeyHkuUbk"
@CNN,2018-06-22 17:53:17+00:00,0.5859,0.194,0.806,0.0,"Actor Dean Cain, who played Superman in ""Lois &amp; Clark: The New Adventures of Superman,"" was just sworn in as a rese‚Ä¶ https://t.co/F1qLR9VB21"
@CNN,2018-06-22 17:43:05+00:00,0.0,0.0,1.0,0.0,Here's how Chipotle is making a comeback https://t.co/G8ELWNTsA7 https://t.co/Fa61nNvtCJ
@CNN,2018-06-22 17:33:55+00:00,0.4019,0.184,0.816,0.0,"How soybeans -- yes, soybeans -- could impact the midterm elections https://t.co/x1n0mzZAK3 https://t.co/WlMxjuxTsv"
@CNN,2018-06-22 17:20:00+00:00,0.128,0.118,0.786,0.096,NASA has a new plan to stop asteroids and help scientists detect near-Earth objects they haven't been able to find‚Ä¶ https://t.co/M7KR9lndtU
@CNN,2018-06-22 17:10:00+00:00,0.0,0.0,1.0,0.0,Host nation Russia scored five goals against Saudi Arabia and another three against Egypt at this year‚Äôs #WorldCup‚Ä¶ https://t.co/mpC1WnWo1Q
@CNN,2018-06-22 17:02:20+00:00,0.0,0.0,1.0,0.0,GM is bringing back the Chevy Blazer ‚Äî an SUV classic ‚Äî for the first time since 2005 https://t.co/8c76T7UoS8 https://t.co/OfZ2HFmbmp
@CNN,2018-06-22 16:57:05+00:00,0.0,0.0,1.0,0.0,"Democratic Sen. Jeff Merkley is ""exploring the possibility"" of throwing his hat in the ring in the 2020 presidentia‚Ä¶ https://t.co/npUzxsWjHa"
@CNN,2018-06-22 16:46:55+00:00,0.0,0.0,1.0,0.0,"The US government might send up to 20,000 undocumented immigrant children to housing on US military bases, two defe‚Ä¶ https://t.co/MOolweHAxf"
@CNN,2018-06-22 16:34:59+00:00,0.0,0.0,1.0,0.0,The follow up to one of the biggest movies of all-time is roaring onto movie screens. Here's a preview of 'Jurassic‚Ä¶ https://t.co/jI7p2ESbdH
@CNN,2018-06-22 16:20:07+00:00,-0.7184,0.0,0.714,0.286,"An immigrant detained at a federal prison in California has been diagnosed with chickenpox, raising concerns among‚Ä¶ https://t.co/8AwRWCKrFm"
@CNN,2018-06-22 16:10:03+00:00,-0.5574,0.0,0.841,0.159,"On Sunday, Saudi Arabia will end the world's only ban on women drivers. Here's what you need to know:‚Ä¶ https://t.co/q1BO68oNrJ"
@CNN,2018-06-22 16:00:09+00:00,0.4019,0.153,0.847,0.0,There's nearly a Nixon 1974 level of public support for impeaching President Trump | Analysis by @zbyronwolf¬†‚Ä¶ https://t.co/Xx8EUumfrA
@CNN,2018-06-22 15:50:07+00:00,-0.296,0.0,0.885,0.115,Not long after President Trump signed an executive order to stop separating children from parents illegally crossin‚Ä¶ https://t.co/TkHcAQCqm3
@CNN,2018-06-22 15:40:07+00:00,-0.5106,0.0,0.852,0.148,"Americans born into poverty are more likely than ever before to stay that way under the Trump administration, accor‚Ä¶ https://t.co/qbgYU9BidF"
@CNN,2018-06-22 15:30:09+00:00,-0.0516,0.06,0.87,0.071,Most Americans believe the Russian effort to influence the 2016 presidential election is a serious matter that shou‚Ä¶ https://t.co/4aNmOmKQUL
@CNN,2018-06-22 15:20:10+00:00,0.0,0.0,1.0,0.0,"About 56% of US youth have their own social media accounts, according to a report by nonprofit organization Common‚Ä¶ https://t.co/Ypt5HsH8ZJ"
@CNN,2018-06-22 15:10:05+00:00,-0.1027,0.0,0.931,0.069,A Japanese employee has been docked half a day's pay for repeatedly leaving his desk a few minutes early to eat lun‚Ä¶ https://t.co/GWJmheSOUR
@CNN,2018-06-22 15:00:12+00:00,0.4767,0.193,0.807,0.0,"How to be an ally to your LGBT friends, relatives and co-workers https://t.co/t2E8t6Vb5u https://t.co/T61eYkDhVU"
@CNN,2018-06-22 14:52:00+00:00,0.0,0.0,1.0,0.0,Host nation Russia scored five goals against Saudi Arabia and another three against Egypt at this year‚Äôs #WorldCup.‚Ä¶ https://t.co/KLY1oR5sGn
@CNN,2018-06-22 14:38:56+00:00,0.5574,0.159,0.841,0.0,JUST IN: Supreme Court rules that the government generally needs a warrant if it wants to track an individual‚Äôs loc‚Ä¶ https://t.co/0yfBc7q0SS
@CNN,2018-06-22 14:30:09+00:00,0.0,0.0,1.0,0.0,Here's why you should probably skip out on an activated charcoal 'detox' https://t.co/G6A03m5dzq https://t.co/IInjfLv29Y
@CNN,2018-06-22 14:20:06+00:00,0.0,0.0,1.0,0.0,"First, it was a small bump under her left eye. Five days later, it appeared above the eye. Her upper lip was bulgin‚Ä¶ https://t.co/pquLaOMzDU"
@CNN,2018-06-22 14:16:57+00:00,-0.4939,0.0,0.868,0.132,"RT @CNNnewsroom: Republican Mayor of El Paso, Texas, reacts to Trump's tweet on 'phony' grief over family separations: ""It's not what we're‚Ä¶"
@CNN,2018-06-22 14:10:03+00:00,0.0,0.0,1.0,0.0,"Sen. Marco Rubio says President Trump's ""zero-tolerance"" immigration policy is in line with what Trump campaigned f‚Ä¶ https://t.co/MLfO8X10V5"
@CNN,2018-06-22 14:00:09+00:00,0.2263,0.106,0.894,0.0,Tariffs on more than $3 billion worth of American exports to Europe took effect today https://t.co/utMNvvHrwI https://t.co/ji2rm84etm
@CNN,2018-06-22 13:50:59+00:00,-0.6705,0.0,0.743,0.257,How President Trump killed the immigration bill with 1 tweet | Analysis by @CillizzaCNN https://t.co/ZD0k6qE1U8 https://t.co/MyS53A8E5u
@CNN,2018-06-22 13:28:34+00:00,-0.5106,0.0,0.852,0.148,"Americans born into poverty are more likely than ever before to stay that way under the Trump administration, accor‚Ä¶ https://t.co/Jy9nkQT6S5"
@CNN,2018-06-22 13:12:00+00:00,0.0,0.0,1.0,0.0,"More than a month apart after being separated at the border, this Guatemalan mother got her 7-year-old son back jus‚Ä¶ https://t.co/Czmpi4ahoO"
@CNN,2018-06-22 13:04:41+00:00,0.5719,0.217,0.783,0.0,"President Trump endorses Rep. Martha Roby, an Alabama congresswoman who in 2016 rescinded her endorsement of the th‚Ä¶ https://t.co/vv3lGCTx6o"
@CNN,2018-06-22 13:02:59+00:00,0.0,0.0,1.0,0.0,"ABC will air a Conner family sitcom without star Roseanne Barr, the network has announced. ""The Conners"" is the wor‚Ä¶ https://t.co/omDk8IRYbL"
@CNN,2018-06-22 12:35:28+00:00,-0.5994,0.0,0.754,0.246,"President Trump says the GOP should ""stop wasting their time on Immigration"" until after the midterms‚Ä¶ https://t.co/BjIggceDhQ"
@CNN,2018-06-22 12:20:11+00:00,0.4019,0.184,0.816,0.0,"How soybeans -- yes, soybeans -- could impact the midterm elections https://t.co/4AsGvxrQox https://t.co/U3k43MqWGW"
@CNN,2018-06-22 12:14:24+00:00,0.0,0.0,1.0,0.0,Every single person in charge of law and order in this Georgia town is a black woman https://t.co/Gx8V8u472h https://t.co/wVJ8a75u2W
@CNN,2018-06-22 12:06:23+00:00,-0.1027,0.0,0.931,0.069,A Japanese employee has been docked half a day's pay for repeatedly leaving his desk a few minutes early to eat lun‚Ä¶ https://t.co/t7lPcGylph
@CNN,2018-06-22 11:43:53+00:00,0.128,0.118,0.786,0.096,NASA has a new plan to stop asteroids and help scientists detect near-Earth objects they haven't been able to find‚Ä¶ https://t.co/yKuI8jmjgP
@CNN,2018-06-22 11:30:11+00:00,0.4019,0.153,0.847,0.0,There's nearly a Nixon 1974 level of public support for impeaching President Trump | Analysis by @zbyronwolf¬†‚Ä¶ https://t.co/i1rhHzAjw3
@CNN,2018-06-22 11:20:10+00:00,-0.6249,0.0,0.773,0.227,"5 things for Friday:

- Immigration
- Internet sales taxes
- Europe's migrant crisis
- Turpin family
- Charles Krau‚Ä¶ https://t.co/uMyvbYiZRa"
@CNN,2018-06-22 11:10:07+00:00,-0.34,0.0,0.805,0.195,"The US wants to leave this American in Syria with $4,210 and no passport https://t.co/Za4rWAAwQu https://t.co/1J7ZsnHHLB"
@CNN,2018-06-22 11:00:05+00:00,-0.5574,0.0,0.841,0.159,"On Sunday, Saudi Arabia will end the world's only ban on women drivers. Here's what you need to know:‚Ä¶ https://t.co/kSOnRwsT2z"
@CNN,2018-06-22 10:47:56+00:00,-0.5574,0.0,0.841,0.159,"Distraught parents are searching for their children separated from them weeks ago, some as young as 9 months old. S‚Ä¶ https://t.co/bS1Wi6Uaqt"
@CNN,2018-06-22 10:47:23+00:00,-0.296,0.0,0.885,0.115,Not long after President Trump signed an executive order to stop separating children from parents illegally crossin‚Ä¶ https://t.co/5GztxFJMTT
@CNN,2018-06-22 10:41:57+00:00,-0.5106,0.0,0.829,0.171,More than 30 children became sick at a Florida summer camp about 100 miles southeast of Tampa https://t.co/DZSEhtf6Y2
@CNN,2018-06-22 10:33:04+00:00,-0.743,0.0,0.73,0.27,The Trump administration has slammed the UN report arguing the organization should instead focus on poverty in the‚Ä¶ https://t.co/h5BvbFd5kg
@CNN,2018-06-22 10:32:41+00:00,-0.5106,0.0,0.852,0.148,"Americans born into poverty are more likely than ever before to stay that way under the Trump administration, accor‚Ä¶ https://t.co/rGaK53c2w0"
@CNN,2018-06-22 10:22:05+00:00,-0.2263,0.0,0.909,0.091,"Chinese lasers suspected to have been used to target US aerial operations in the Pacific, with 20 incidents recorde‚Ä¶ https://t.co/e5Yzikb8L5"
@CNN,2018-06-22 10:22:03+00:00,-0.0516,0.06,0.87,0.071,Most Americans believe the Russian effort to influence the 2016 presidential election is a serious matter that shou‚Ä¶ https://t.co/yReUZP6oiu
@CNN,2018-06-22 10:16:05+00:00,0.0,0.0,1.0,0.0,"About 56% of US youth have their own social media accounts, according to a report by nonprofit organization Common‚Ä¶ https://t.co/k0zNIjlcUV"
@CNN,2018-06-22 10:06:06+00:00,-0.4767,0.0,0.78,0.22,"America's poor becoming more destitute under Trump, UN report says https://t.co/y006zAaF2R https://t.co/EYDL1f0HnQ"
@CNN,2018-06-22 09:59:00+00:00,-0.296,0.0,0.833,0.167,Here's how NASA plans to stop asteroids from hitting Earth: https://t.co/yjybZdA07r https://t.co/cGybrb6cVZ
@CNN,2018-06-22 09:38:03+00:00,-0.5574,0.0,0.841,0.159,"On Sunday, Saudi Arabia will end the world's only ban on women drivers. Here's what you need to know:‚Ä¶ https://t.co/D18DHVJnVx"
@CNN,2018-06-22 09:34:17+00:00,0.0772,0.067,0.933,0.0,"""7 minutes of hail in Northeast Fort Collins."" Watch as hailstorms pound parts of Colorado in the US https://t.co/AQVgZGxFB7"
@CNN,2018-06-22 09:15:42+00:00,0.0,0.0,1.0,0.0,"Melania, that jacket! | By CNN's Carol Costello via @CNNOpinion https://t.co/WnUxLcXYUz https://t.co/jXFuunRjh2"
@CNN,2018-06-22 08:57:03+00:00,-0.4404,0.105,0.711,0.184,"""It's like they're putting a knife in your chest and killing you.""

A Guatemalan immigrant reunited with her son ea‚Ä¶ https://t.co/c46k2sbSJr"
@CNN,2018-06-22 08:46:04+00:00,0.4019,0.124,0.876,0.0,"""I need some different activities away from football to help me switch off."" Meet the Swiss goalkeeper whose hobbie‚Ä¶ https://t.co/S0UWZy9vQG"
@CNN,2018-06-22 08:41:04+00:00,-0.09,0.0,0.934,0.066,The US Navy's newest aircraft carrier is regarded as the world's most-advanced warship -- but for how much longer? https://t.co/YOuCvVIbVV
@CNN,2018-06-22 08:10:27+00:00,0.0,0.0,1.0,0.0,"I was not in a cage, but was scarred for life | By Ariel Dorfman via @CNNOpinion https://t.co/iWU9QgMAcx"
@CNN,2018-06-22 07:50:06+00:00,-0.9081,0.0,0.547,0.453,An extremist Indonesian cleric was found guilty of inciting terrorism and sentenced to death by a Jakarta court on‚Ä¶ https://t.co/Ihh8uN1Vv9
@CNN,2018-06-22 07:41:07+00:00,-0.4767,0.087,0.736,0.177,"RT @CNNTonight: CNN Senior Political Commentator David Axelrod says the Trump administration ""created a human rights crisis on the border.""‚Ä¶"
@CNN,2018-06-22 07:39:32+00:00,0.0,0.0,1.0,0.0,"The family separation controversy is a ‚Äúcrisis entirely of the President‚Äôs own making,‚Äù says @DonLemon. It is a ‚Äúpo‚Ä¶ https://t.co/41lH78uy8Q"
@FoxNews,2018-06-23 00:59:16+00:00,0.0,0.0,1.0,0.0,".@PJK4brainhealth on talks of recreational marijuana legalization: ""It's going to be the public health that pays th‚Ä¶ https://t.co/SydRNYVzAm"
@FoxNews,2018-06-23 00:58:40+00:00,0.0,0.0,1.0,0.0,"National Border Patrol Council President Brandon Judd: ""We're enforcing the law in a very humane way...and we're do‚Ä¶ https://t.co/FYkc7sXcDo"
@FoxNews,2018-06-23 00:50:56+00:00,0.0,0.0,1.0,0.0,"Sen. @MarcoRubio: ""We shouldn't be transferring any technology [to Chinese companies]."" #Tucker https://t.co/wuJuX04fr9"
@FoxNews,2018-06-23 00:45:54+00:00,0.5106,0.171,0.829,0.0,"Sen. @MarcoRubio on Chinese intellectual property theft: ""It is a constant and massive, unprecedented effort to tra‚Ä¶ https://t.co/YxveAFUisn"
@FoxNews,2018-06-23 00:43:00+00:00,0.4019,0.162,0.838,0.0,Georgia sheriff's office scolds man who allegedly owes more than $30G in child support. https://t.co/yngJiWVnsP
@FoxNews,2018-06-23 00:35:32+00:00,0.0,0.0,1.0,0.0,'Go Back to History Class': Border Patrol Council VP Rips Cynthia Nixon for 'Terrorist' Claims https://t.co/Z5a7NSnHOn
@FoxNews,2018-06-23 00:27:59+00:00,0.4215,0.203,0.797,0.0,Florida deputy reunites with 3-year-old girl he saved from hot car. https://t.co/C0ELuHTzpq
@FoxNews,2018-06-23 00:18:06+00:00,-0.1779,0.08,0.802,0.118,Exclusive: Missing dune buggy from Steve McQueen's 'The Thomas Crown Affair' reappears as it undergoes restoration. https://t.co/xP9gO8HcyS
@FoxNews,2018-06-23 00:10:00+00:00,-0.5267,0.0,0.815,0.185,".@HillaryClinton calls Vladimir Putin the leader of a 'xenophobic movement,' and Russian meddling a threat to 'west‚Ä¶ https://t.co/wAogRLTho4"
@FoxNews,2018-06-23 00:04:15+00:00,0.3612,0.116,0.884,0.0,Jonathan Turley remembers Charles Krauthammer: We don't go around this life like Monopoly where you can go around t‚Ä¶ https://t.co/95j85kPCLf
@FoxNews,2018-06-22 23:54:07+00:00,0.0258,0.14,0.725,0.135,".@ChrisStirewalt on 2018 midterms: ""Losing the House might help @realDonaldTrump get re-elected [because] then like‚Ä¶ https://t.co/BNhpcUCmcO"
@FoxNews,2018-06-22 23:41:36+00:00,-0.4767,0.0,0.693,0.307,2 more training exercises with S. Korea suspended https://t.co/eltT2PYnuj
@FoxNews,2018-06-22 23:37:03+00:00,0.3818,0.126,0.874,0.0,"Angel mom Agnes Gibboney: ""President @realDonaldTrump is a man of tremendous integrity and he kept his word about p‚Ä¶ https://t.co/TxWj9bjFwg"
@FoxNews,2018-06-22 23:30:00+00:00,-0.7269,0.0,0.783,0.217,"Angel mom Laura Wilkerson on losing her son: ""We will suffer for the rest of our life on this earth here about the‚Ä¶ https://t.co/VaRlZXKkuc"
@FoxNews,2018-06-22 23:22:07+00:00,-0.5267,0.0,0.812,0.188,"Charlie LeDuff on the future of immigrants: ""We have to stop making up pictures, stop calling each other names and‚Ä¶ https://t.co/R20OalYUj7"
@FoxNews,2018-06-22 23:17:55+00:00,0.0,0.0,1.0,0.0,Media outlets were given a tour on Friday of one of the temporary shelters where migrants are staying. Phil Keating‚Ä¶ https://t.co/GAFxzrh8wV
@FoxNews,2018-06-22 23:10:32+00:00,0.0,0.0,1.0,0.0,"White House donates food from congressional picnic to Walter Reed, official says https://t.co/eAQU4tF5Uq"
@FoxNews,2018-06-22 23:00:52+00:00,-0.3182,0.0,0.881,0.119,".@MaraLiasson remembers Charles Krauthammer: ""I think that his passing is such a loss for conservatism, it's such a‚Ä¶ https://t.co/wXsDh9Nxlb"
@FoxNews,2018-06-22 22:56:27+00:00,0.0,0.0,1.0,0.0,Netflix fires communications chief for using racial slur. https://t.co/jWwtiItOP5
@FoxNews,2018-06-22 22:45:51+00:00,-0.1689,0.0,0.915,0.085,".@MaraLiasson on immigration legislation: ""[@POTUS has] muddied the waters so much it's hard to know what he wants.‚Ä¶ https://t.co/pKpB4yB1vU"
@FoxNews,2018-06-22 22:32:51+00:00,0.0,0.0,1.0,0.0,Air Force aircraft crashes in New Mexico in a non-combat incident; status of pilots remains unknown. #SpecialReport‚Ä¶ https://t.co/8765RRV25b
@FoxNews,2018-06-22 22:28:20+00:00,0.4019,0.153,0.847,0.0,WWII veteran who was a POW has been awarded the Purple Heart at age 94. #ProudAmerican https://t.co/usFNDOjfKD
@FoxNews,2018-06-22 22:22:11+00:00,-0.2732,0.182,0.566,0.252,MSNBC's Joe Scarborough slams Trump and supporters as 'openly racist' https://t.co/8WOR8ZskhW
@FoxNews,2018-06-22 22:20:42+00:00,-0.3818,0.0,0.86,0.14,RT @FoxBusiness: AT THE CLOSE: The Dow Jones Industrial Average snaps an 8-day losing streak. https://t.co/OleWBkfFzd https://t.co/1AN70BG5‚Ä¶
@FoxNews,2018-06-22 22:17:06+00:00,0.3182,0.126,0.874,0.0,The race for Florida's governor is heating up as @POTUS makes an endorsement. @pdoocy reports. #SpecialReport‚Ä¶ https://t.co/BgDDdlvp6G
@FoxNews,2018-06-22 22:08:00+00:00,0.5574,0.205,0.795,0.0,OPINION: Supreme Court ruling in cell phone case is a victory for our privacy rights. https://t.co/Uwuj0OVVsC
@FoxNews,2018-06-22 22:03:05+00:00,-0.5574,0.0,0.783,0.217,U.S. military is making plans to provide shelter for thousands of illegal immigrants. https://t.co/hbsKAXSp0S
@FoxNews,2018-06-22 21:56:54+00:00,0.4019,0.172,0.828,0.0,Dying New Jersey man gets wish to gamble at casino one last time https://t.co/jIR9ZSEGjp
@FoxNews,2018-06-22 21:43:43+00:00,0.4215,0.203,0.797,0.0,United Colors of @benetton slammed for using migrants in ad campaign https://t.co/tllAcgPETP
@FoxNews,2018-06-22 21:41:20+00:00,-0.4767,0.0,0.853,0.147,"RT @FoxNewsResearch: Migrant Children &amp; Gang Membership
‚ÄîOct 2011-June 2017‚Äî
‚Ä¢5,000+ individuals, mostly adults, arrested at border with ga‚Ä¶"
@FoxNews,2018-06-22 21:38:46+00:00,0.0,0.0,1.0,0.0,Air Force aircraft crashes in New Mexico in non-combat incident; status of pilots remains unknown https://t.co/vWwW5eruiC
@FoxNews,2018-06-22 21:28:28+00:00,0.0,0.0,1.0,0.0,".@TIME cover paints Trump as immigration ‚Äòboogeyman,‚Äô in striking contrast with Obama coverage https://t.co/IqE4ShPHsy"
@FoxNews,2018-06-22 21:24:00+00:00,0.0,0.0,1.0,0.0,".@TheJuanWilliams remembers longtime Fox News contributor Charles Krauthammer: ""He gave structure to so much conser‚Ä¶ https://t.co/Kf3H2pcvhz"
@FoxNews,2018-06-22 21:17:28+00:00,0.0,0.0,1.0,0.0,".@RealCandaceO remembers longtime Fox News contributor Charles Krauthammer: ""People from both sides of the politica‚Ä¶ https://t.co/3PHl6leemS"
@FoxNews,2018-06-22 21:16:16+00:00,0.7504,0.242,0.758,0.0,"""Charles was really good at what he did, but what amazed me was how he did it.""

@TeamCavuto remembers Charles Krau‚Ä¶ https://t.co/M0ftxoxpLr"
@FoxNews,2018-06-22 21:14:50+00:00,0.0,0.0,1.0,0.0,".@JesseBWatters remembers longtime Fox News contributor Charles Krauthammer: ""When he spoke, everything went quiet,‚Ä¶ https://t.co/FFHGGJnXGi"
@FoxNews,2018-06-22 20:53:07+00:00,0.0,0.0,1.0,0.0,"‚ÄúHe used his immeasurable gifts to contribute to our civic discourse.‚Äù

On the House floor Friday, @SpeakerRyan pai‚Ä¶ https://t.co/hWqvOZzHw4"
@FoxNews,2018-06-22 20:45:00+00:00,-0.5994,0.0,0.62,0.38,Missouri mom charged over 9-year-old boy's poor school attendance. https://t.co/x6mUiHtoMp
@FoxNews,2018-06-22 20:38:15+00:00,0.5106,0.171,0.829,0.0,"'[They] will only see Italy on a postcard'

Italy refuses rescue ship carrying 224 migrants to dock. https://t.co/zqlkiiLZ4L"
@FoxNews,2018-06-22 20:35:31+00:00,0.0,0.0,1.0,0.0,Portland restaurant using receipts to send message about immigrants. https://t.co/wkNhq3Ih24
@FoxNews,2018-06-22 20:14:45+00:00,-0.8442,0.0,0.597,0.403,Father of Child Killed By Illegal Immigrant: My Daughter was the Real 'Dreamer' https://t.co/rhL5oslmBD
@FoxNews,2018-06-22 20:06:44+00:00,0.0,0.0,1.0,0.0,There are new European Union tariffs against U.S. products. @hillary__vaughn has the details. @ShepNewsTeam‚Ä¶ https://t.co/R0N07w6660
@FoxNews,2018-06-22 20:04:36+00:00,-0.296,0.0,0.833,0.167,"Bourbon storage facility collapses in Kentucky, sending barrels crashing to ground. https://t.co/PtwQwyJEud"
@FoxNews,2018-06-22 19:53:02+00:00,-0.8689,0.0,0.55,0.45,Trump rips media for ignoring Angel Families 'permanently separated' by illegal immigrant crime - via‚Ä¶ https://t.co/gTmEC8a1pw
@FoxNews,2018-06-22 19:46:26+00:00,-0.3612,0.0,0.857,0.143,Sen. @JohnCornyn and @SenTedCruz make remarks after touring immigrant detention facilities for children in Texas.‚Ä¶ https://t.co/WDiu87JMln
@FoxNews,2018-06-22 19:43:55+00:00,0.0,0.0,1.0,0.0,Breastfeeding mom says Alabama restaurant owner covered baby's head with a dish rag. https://t.co/J6fe47Civg
@FoxNews,2018-06-22 19:40:19+00:00,0.3612,0.111,0.889,0.0,"OPINION: Trump should rethink his stance on NAFTA -- It supports millions of US jobs, billions of dollars in export‚Ä¶ https://t.co/D3BVpA3doW"
@FoxNews,2018-06-22 19:28:42+00:00,-0.5574,0.0,0.735,0.265,"Police officer fired after pulling over, detaining daughter and boyfriend.
https://t.co/lzplKPwTNI"
@FoxNews,2018-06-22 19:22:15+00:00,0.8555,0.354,0.646,0.0,.@POTUS: ‚ÄúOur first duty and our highest loyalty is to the citizens of the United States. We want safety in our cou‚Ä¶ https://t.co/i7hAcUAIbd
@FoxNews,2018-06-22 19:13:23+00:00,-0.3612,0.0,0.878,0.122,"U.S. Senator Kamala Harris makes remarks after touring an ICE detention facility just north of the Mexico border.
 https://t.co/iscU47e1Z7"
@FoxNews,2018-06-22 19:06:07+00:00,-0.7579,0.0,0.706,0.294,"Angel Mom Mary Ann Mendoza: ""There are hundreds of thousands of victims every year who are affected by illegal alie‚Ä¶ https://t.co/vkTEL2iYwp"
@FoxNews,2018-06-22 19:06:02+00:00,-0.9423,0.0,0.466,0.534,"Steve Ronnebeck, father of murder victim: ""63,000 Americans since 9/11 have been killed by illegal aliens."" https://t.co/bUQCP5mlzL"
@FoxNews,2018-06-22 18:58:09+00:00,-0.3252,0.0,0.896,0.104,"Angel Mom Laura Wilkerson: ""We weren't lucky enough to be separated for five days or ten days. We're separated perm‚Ä¶ https://t.co/LijgrNvANS"
@FoxNews,2018-06-22 18:53:42+00:00,-0.875,0.0,0.643,0.357,".@POTUS: ""In 2016, more than 15,000 Americans died from a heroin overdose. More than 90% of the heroin comes from a‚Ä¶ https://t.co/KMy8LvE1HU"
@FoxNews,2018-06-22 18:49:59+00:00,-0.7096,0.0,0.742,0.258,".@POTUS: ""We're gathered today to hear directly from the American victims of illegal immigration. You know, you hea‚Ä¶ https://t.co/pgr40MGarB"
@FoxNews,2018-06-22 18:47:26+00:00,-0.6597,0.0,0.759,0.241,".@POTUS: ""In Texas alone within the last 7 years, more than a quarter of a million criminal aliens have been arrest‚Ä¶ https://t.co/Z14ysmw9MH"
@FoxNews,2018-06-22 18:45:39+00:00,0.4215,0.183,0.817,0.0,".@POTUS: ""I also want to thank the incredible ICE officers, border patrol agents, and law enforcement officials who‚Ä¶ https://t.co/TERH1J3UP7"
@FoxNews,2018-06-22 18:45:19+00:00,0.4404,0.293,0.707,0.0,".@POTUS: ""We've got to have a safe country."" https://t.co/q8yiYSS3kI"
@FoxNews,2018-06-22 18:44:14+00:00,0.5719,0.19,0.81,0.0,".@POTUS: ""I also want to stand and have the brave men and women from all over government agencies... We really appr‚Ä¶ https://t.co/eYmTtpPkMs"
@FoxNews,2018-06-22 18:41:37+00:00,0.6705,0.277,0.723,0.0,".@POTUS: ""These are special people... @VP Pence, thank you very much for joining us, Mike. I also want to recognize‚Ä¶ https://t.co/TIpGdvb2wt"
@FoxNews,2018-06-22 18:40:44+00:00,0.0,0.0,1.0,0.0,.@POTUS delivers remarks on immigration with Angel Families https://t.co/GavzeVAhEi
@FoxNews,2018-06-22 18:40:39+00:00,0.0,0.0,1.0,0.0,Happening Now: @POTUS speaks on immigration. https://t.co/EHS6R5HLjC
@FoxNews,2018-06-22 18:39:15+00:00,0.0,0.0,1.0,0.0,"SOON: President @realDonaldTrump to speak on immigration - for full live coverage, tune in to Fox News Channel. https://t.co/EKxI11x5LF"
@FoxNews,2018-06-22 18:38:01+00:00,0.0,0.0,1.0,0.0,.@marcorubio heckled at immigrant-child facility. https://t.co/zZCwvKewrr
@FoxNews,2018-06-22 18:31:59+00:00,0.0,0.0,1.0,0.0,Rhode Island bill could keep President @realDonaldTrump off 2020 ballot. https://t.co/yhtWGDWp5m https://t.co/eGakgxJ9Ow
@FoxNews,2018-06-22 18:26:00+00:00,-0.2044,0.0,0.909,0.091,".@AlanDersh: ""There's never been a more important time for our system of checks and balances to operate, whether it‚Ä¶ https://t.co/d8jdNCyupt"
@FoxNews,2018-06-22 18:24:38+00:00,-0.8074,0.0,0.644,0.356,"Teen, 17, shot dead by cop while fleeing traffic stop had empty handgun clip in his pocket https://t.co/bzMYLRKMY8"
@FoxNews,2018-06-22 18:19:12+00:00,0.0,0.0,1.0,0.0,"Fox News presents the moving story of Dr. Krauthammer‚Äôs life: ""Charles Krauthammer: His Words"" - tonight at 9p ET.‚Ä¶ https://t.co/B3MJ1Xe7vm"
@FoxNews,2018-06-22 18:16:42+00:00,0.0,0.0,1.0,0.0,"Joe Jackson is on his deathbed, reports say https://t.co/8zgJXJ9XoU"
@FoxNews,2018-06-22 18:16:14+00:00,-0.5994,0.0,0.738,0.262,Asia Argento reflects on Anthony Bourdain's death: 'Two weeks without you' https://t.co/IMxKKOu2Tf
@FoxNews,2018-06-22 18:07:54+00:00,-0.6597,0.0,0.69,0.31,"MS-13 gang members, including 10 illegal immigrants, charged in deaths of Virginia teens https://t.co/SmF4ORO6Po"
@FoxNews,2018-06-22 17:54:23+00:00,0.4019,0.184,0.816,0.0,WWII veteran who was POW awarded Purple Heart at age 94 #ProudAmerican https://t.co/jV9iQj0Ign
@FoxNews,2018-06-22 17:49:04+00:00,0.6369,0.321,0.679,0.0,Texas police officer helps deliver baby girl in credit union parking lot https://t.co/qey04ZjIbo
@FoxNews,2018-06-22 17:27:11+00:00,-0.802,0.0,0.66,0.34,"On Twitter, @SenSanders slammed President @realDonaldTrump, calling him a hypocrite who makes ""hateful and racist r‚Ä¶ https://t.co/6sjBAlNh8v"
@FoxNews,2018-06-22 17:25:40+00:00,0.0,0.0,1.0,0.0,"Rhode Island Passes Bill to Keep Trump Off 2020 Ballot If He Doesn't Release Tax Returns
https://t.co/bcQm39JpH9"
@FoxNews,2018-06-22 17:13:32+00:00,0.34,0.118,0.882,0.0,".@RepJohnFaso: ""This approach fully funds the border security that we need. It ends the diversity lottery. It fixes‚Ä¶ https://t.co/1PGZXBtvf6"
@FoxNews,2018-06-22 17:08:46+00:00,0.7603,0.392,0.474,0.134,"DARING: A brave deputy was called to rescue a bear trapped inside a vehicle in Carnelian Bay, California. https://t.co/rNEWvn3ZLu"
@FoxNews,2018-06-22 16:53:37+00:00,0.0,0.0,1.0,0.0,Obama cyber chief confirms 'stand down' order against Russian cyberattacks https://t.co/49CUI1XQaT
@FoxNews,2018-06-22 16:47:25+00:00,-0.4019,0.0,0.828,0.172,".@KennedyNation: ""The FBI and DOJ have such problems right now with perception."" #Outnumbered https://t.co/u6MTJeBxwT"
@FoxNews,2018-06-22 16:46:36+00:00,0.0,0.0,1.0,0.0,.@HouseDemocrats hold a news conference to mark the six month anniversary of the GOP tax law. https://t.co/nR21D9FYaH
@FoxNews,2018-06-22 16:39:17+00:00,-0.6486,0.0,0.719,0.281,Hungry rat found dead after eating its way through an ATM https://t.co/5bMCsnnmmT
@FoxNews,2018-06-22 16:24:59+00:00,0.3612,0.294,0.706,0.0,Do you agree with Sen. @KamalaHarris? https://t.co/yiGh4DtoCo
@FoxNews,2018-06-22 16:23:31+00:00,-0.4767,0.0,0.819,0.181,"Crying migrant girl on TIME magazine cover was not separated from mother, family says https://t.co/oMJcUTGePR"
@FoxNews,2018-06-22 16:16:43+00:00,0.0,0.0,1.0,0.0,"'A Decent Man Who Took the Higher Road': @JonahNRO, @stephenfhayes Remember Charles Krauthammer https://t.co/LEVAU7AtEa"
@FoxNews,2018-06-22 16:10:46+00:00,-0.5267,0.0,0.833,0.167,"This morning, President @realDonaldTrump put the European Union and its automakers on notice with a threat to slap‚Ä¶ https://t.co/ToB6Y2TyLH"
@FoxNews,2018-06-22 16:03:04+00:00,0.5719,0.179,0.821,0.0,"Moments ago, @VP Mike Pence celebrated the booming economy six months after the passing of tax reform. https://t.co/9yO5jeqfW0"
@FoxNews,2018-06-22 15:59:00+00:00,-0.6705,0.0,0.645,0.355,".@BlakemanB: ""The Democratic response is always crying fire in a crowded theater."" https://t.co/YL9uofWT5u"
@FoxNews,2018-06-22 15:53:00+00:00,0.0,0.0,1.0,0.0,".@RepMcCaul: ""I would urge Sen. @JohnCornyn and @SenateMajLdr to wave that filibuster rule and make it a 51 vote."" https://t.co/LwGuKAP7dH"
@FoxNews,2018-06-22 15:46:00+00:00,0.4466,0.196,0.804,0.0,NEWS ALERT: Texas senators to visit immigrant children's shelters in South Texas. https://t.co/8O0hAcJ2zd
@FoxNews,2018-06-22 15:37:38+00:00,0.3612,0.161,0.839,0.0,'There Won't Be Anyone Else Like Him': AB Stoddard Remembers Charles Krauthammer https://t.co/BYPaudvfsl https://t.co/x3hwwPFXuI
@FoxNews,2018-06-22 15:29:12+00:00,-0.7184,0.188,0.469,0.344,"Wife of freed NYC cop killer committed suicide just weeks after his release, coroner reveals https://t.co/OGbvRr2CSj"
@FoxNews,2018-06-22 15:20:36+00:00,0.5106,0.248,0.752,0.0,Maldives resorts fed up with Instagram models requesting free stays https://t.co/6fomUHtcTe
@FoxNews,2018-06-22 15:11:33+00:00,-0.128,0.152,0.662,0.185,.@BruceAshford: Chris Pratt uncorks some truth in a Hollywood culture of lies https://t.co/mbjOphMCCW
@FoxNews,2018-06-22 15:03:04+00:00,0.0,0.0,1.0,0.0,"Yesterday, New York gubernatorial candidate and former ""Sex and the City‚Äù star @CynthiaNixon said she considers‚Ä¶ https://t.co/H633U9qHBr"
@FoxNews,2018-06-22 14:51:28+00:00,-0.4588,0.0,0.812,0.188,US Marshals Seek PA Man Who Threatened to 'Put a Bullet' in Trump's Head https://t.co/q3r9lTZUoW
@FoxNews,2018-06-22 14:40:01+00:00,0.5574,0.175,0.825,0.0,BREAKING NEWS: Supreme Court rules 5-4 that police need warrant to obtain location information from cellphone tower‚Ä¶ https://t.co/MbkB8G1lML
@FoxNews,2018-06-22 14:30:09+00:00,-0.1779,0.0,0.898,0.102,"In a tweet-storm this morning, President @realDonaldTrump slammed Democrats on the issue of immigration, accusing t‚Ä¶ https://t.co/QzM0N7ewcF"
@FoxNews,2018-06-22 14:21:10+00:00,-0.2044,0.0,0.909,0.091,".@AlanDersh: ""There's never been a more important time for our system of checks and balances to operate, whether it‚Ä¶ https://t.co/sSThl9BsJP"
@FoxNews,2018-06-22 14:14:59+00:00,0.0,0.0,1.0,0.0,"This morning, President @realDonaldTrump called for more Republicans to be elected. https://t.co/CVlwus4JhW"
@FoxNews,2018-06-22 14:12:13+00:00,-0.4767,0.0,0.819,0.181,"Crying migrant girl on TIME magazine cover was not separated from mother, family says https://t.co/oMJcUTGePR"
@nytimes,2018-06-23 01:02:06+00:00,0.0,0.0,1.0,0.0,Evening Briefing: Here's what you need to know at the end of the day https://t.co/EaW1JOAvDR
@nytimes,2018-06-23 00:47:04+00:00,0.0,0.0,1.0,0.0,"When a salon in Maryland posted a promotion for a $100 deal on hair color service, Facebook decided it was a politi‚Ä¶ https://t.co/Yj2ApWJhGb"
@nytimes,2018-06-23 00:32:08+00:00,0.4939,0.238,0.656,0.107,"The notion of losing yourself in a good book has taken on additional meaning, thanks to immersive experiences that‚Ä¶ https://t.co/exiXayW3IE"
@nytimes,2018-06-23 00:17:05+00:00,0.0,0.0,1.0,0.0,RT @nytimesmusic: 5 K-pop acts to watch at KCON 2018 https://t.co/VUtZP8NTpo https://t.co/Ib3cgPkOOx
@nytimes,2018-06-23 00:02:05+00:00,0.5106,0.163,0.837,0.0,Nina Simone's childhood home was named a ‚ÄúNational Treasure‚Äù by the National Trust for Historic Preservation. The o‚Ä¶ https://t.co/a9OsXNMC8n
@nytimes,2018-06-22 23:47:03+00:00,-0.6486,0.0,0.815,0.185,"RT @nytimesarts: It wasn't there long, but a ""heroin spoon"" sculpture was placed outside Purdue Pharma headquarters in Stamford this mornin‚Ä¶"
@nytimes,2018-06-22 23:32:05+00:00,-0.34,0.091,0.766,0.142,North and South Korea agree to let relatives separated by the Korean War meet each other for the first time in more‚Ä¶ https://t.co/TLLfFopIIR
@nytimes,2018-06-22 23:17:02+00:00,0.5859,0.194,0.806,0.0,"RT @nytopinion: From Elton John: ""As an artist, I know that a single photograph can tell a greater truth than a pile of statistics, and the‚Ä¶"
@nytimes,2018-06-22 23:02:04+00:00,-0.5095,0.0,0.845,0.155,McDonald‚Äôs McRib. KFC‚Äôs Double Down. Taco Bell‚Äôs Doritos Locos Tacos. Here are some of the more outrageous attempts‚Ä¶ https://t.co/Sxa4R0R6wY
@nytimes,2018-06-22 22:47:02+00:00,0.0,0.0,1.0,0.0,Evening Briefing: Here's what you need to know at the end of the day https://t.co/JnKcNPragD
@nytimes,2018-06-22 22:30:06+00:00,0.0,0.0,1.0,0.0,"‚ÄúWhat country are you a citizen of?"" the Border Patrol agent asked a driver at a highway checkpoint in Maine this w‚Ä¶ https://t.co/i2IqzMITFs"
@nytimes,2018-06-22 22:17:02+00:00,0.6369,0.276,0.724,0.0,RT @nytfood: The secret to the best popcorn isn't butter https://t.co/VdepkG72QY https://t.co/mlG4etWrI8
@nytimes,2018-06-22 22:03:49+00:00,-0.5574,0.094,0.677,0.229,‚ÄúI feel like I‚Äôm going to die. I feel powerless.‚Äù Many migrant mothers separated from their children have no idea h‚Ä¶ https://t.co/nonTBs57a8
@nytimes,2018-06-22 21:47:06+00:00,0.0,0.0,1.0,0.0,"Senator Jeff Merkley says he is ""exploring the possibility"" of running for president ‚Äî even if his fellow progressi‚Ä¶ https://t.co/jSvh5m8XY1"
@nytimes,2018-06-22 21:32:02+00:00,0.5574,0.247,0.753,0.0,"Meet the 11-year-old girls whose music wowed the New York Philharmonic 
https://t.co/FSkP3MlAi9"
@nytimes,2018-06-22 21:21:05+00:00,0.0,0.0,1.0,0.0,"RT @TheSteinLine: Oklahoma City‚Äôs Carmelo Anthony does not intend to opt out of his current contract before his Saturday ETO deadline, @NYT‚Ä¶"
@nytimes,2018-06-22 21:10:06+00:00,0.0772,0.115,0.885,0.0,Here are a number of ways the U.S. government separates families https://t.co/DLM1Aq58Hy
@nytimes,2018-06-22 21:00:12+00:00,0.0,0.0,1.0,0.0,"""He said: 'I‚Äôll come after you with everything that I have. You can take that as a threat.'"" ‚ÄîNew York Times report‚Ä¶ https://t.co/b5T3VXJjSh"
@nytimes,2018-06-22 20:45:03+00:00,0.296,0.121,0.879,0.0,"Food has become a trope by which the LGBTQ community has found commonality, sought visibility, championed diversity‚Ä¶ https://t.co/OTypTCqy9M"
@nytimes,2018-06-22 20:30:06+00:00,0.0,0.0,1.0,0.0,"Colorado, one of the purplest states, has seen dramatic changes in recent years. In its governor's race, how far le‚Ä¶ https://t.co/pzz1uOrRKQ"
@nytimes,2018-06-22 20:15:46+00:00,0.8176,0.378,0.622,0.0,"This flourless, crustless tart is rich, moist, sweet and and prepared almost entirely on the stovetop‚Ä¶ https://t.co/NTYJ8gI4ln"
@nytimes,2018-06-22 20:00:06+00:00,0.25,0.083,0.917,0.0,"If ‚ÄúThe Conners‚Äù must go on after Roseanne Barr, it has a chance to show middle America ‚Äî all of it, this time, our‚Ä¶ https://t.co/mlLzyUELLs"
@nytimes,2018-06-22 19:50:04+00:00,0.0,0.0,1.0,0.0,"RT @nytimesbusiness: When a salon in Frederick, Md. posted a promotion for a $100 deal on hair color service, Facebook decided it was a pol‚Ä¶"
@nytimes,2018-06-22 19:40:09+00:00,0.6249,0.255,0.745,0.0,11 great movies and TV shows that are leaving Netflix in July https://t.co/ArwJDXkJOz
@nytimes,2018-06-22 19:26:55+00:00,-0.709,0.087,0.642,0.272,"‚ÄúWe‚Äôre not supposed to be curious about death now. But how can you not be? It‚Äôs a great human mystery."" https://t.co/5Wy4bfoygl"
@nytimes,2018-06-22 19:15:10+00:00,0.0,0.0,1.0,0.0,"RT @NYTNational: ‚ö°Ô∏è ‚ÄúImmigration coverage from The New York Times‚Äù

https://t.co/l44nIinrfy"
@nytimes,2018-06-22 19:06:51+00:00,0.3818,0.191,0.809,0.0,You aren't the only one admiring Nigeria's World Cup kits https://t.co/dip7uO38Cq https://t.co/6nZbPfRPeh
@nytimes,2018-06-22 18:55:02+00:00,0.0,0.0,1.0,0.0,Aleksandar Mitrovic gave Serbia an early 1-0 lead over Switzerland. Follow this #WorldCup matchup live: https://t.co/QtdYrD28r7
@nytimes,2018-06-22 18:40:06+00:00,0.0,0.0,1.0,0.0,"Red league, blue league: Why is the NFL so tangled up in political controversy while NBA players dive into the fray‚Ä¶ https://t.co/vXGdrti2O4"
@nytimes,2018-06-22 18:26:18+00:00,0.0,0.0,1.0,0.0,"RT @PatriciaMazzei: Just toured the temporary shelter for unaccompanied children in Homestead, Fla. This is the second largest shelter in t‚Ä¶"
@nytimes,2018-06-22 18:15:07+00:00,-0.1531,0.127,0.678,0.195,"""The kingdom has fallen. The park is gone. Welcome to the petting zoo,"" our critic A.O. Scott writes. https://t.co/kDjR5eIJZv"
@nytimes,2018-06-22 18:00:09+00:00,0.4939,0.158,0.842,0.0,"What do a day care center, a vegetarian restaurant, a hair salon, an outdoor clothing maker and an investigative ne‚Ä¶ https://t.co/2VNIS0Blmc"
@nytimes,2018-06-22 17:45:07+00:00,0.8934,0.471,0.529,0.0,"Modern Love: ""We love inviting each other over and also sending each other home"" https://t.co/8SnbfbwNY9"
@nytimes,2018-06-22 17:30:06+00:00,0.0,0.0,1.0,0.0,"The Hungarian State Opera canceled over a dozen performances of ‚ÄúBilly Elliot,‚Äù after a newspaper columnist accused‚Ä¶ https://t.co/kRUZwJvKzn"
@nytimes,2018-06-22 17:16:54+00:00,0.296,0.105,0.84,0.055,The political and social sensibilities of the NFL and the NBA have been exposed like never before. And they're in s‚Ä¶ https://t.co/HwmjczMxmf
@nytimes,2018-06-22 17:05:06+00:00,0.4404,0.225,0.775,0.0,RT @nytimesbusiness: Italy‚Äôs Economy Was Humming Nicely. Then Came Trump. https://t.co/0QqapPUlXV
@nytimes,2018-06-22 16:55:05+00:00,0.0,0.0,1.0,0.0,Is your dentist coaching a World Cup team? https://t.co/tPAhAg3t7D
@nytimes,2018-06-22 16:45:08+00:00,0.3612,0.094,0.906,0.0,RT @julieturkewitz: My take on the race for Colorado governor. The big question: Just how far left is this frontier state ready to go? ‚ÄúIt‚Äô‚Ä¶
@nytimes,2018-06-22 16:35:06+00:00,-0.296,0.0,0.872,0.128,"Trump tweeted that Republicans should stop ‚Äúwasting their time"" over the party's latest immigration proposal https://t.co/t6BDqi3alE"
@nytimes,2018-06-22 16:25:05+00:00,0.7906,0.259,0.741,0.0,RT @nytgraphics: Chief Justice Roberts joined the liberal wing of the Supreme Court to rule that the government generally needs a warrant t‚Ä¶
@nytimes,2018-06-22 16:15:04+00:00,0.3182,0.161,0.839,0.0,Not sure what to do this weekend in NYC? We‚Äôve got you. https://t.co/3rp5hmUl5C
@nytimes,2018-06-22 16:00:04+00:00,-0.5574,0.0,0.847,0.153,"Anthony Bourdain didn't have narcotics in his body when he died earlier this month, a prosecutor in charge of the i‚Ä¶ https://t.co/tgxhVbGHO5"
@nytimes,2018-06-22 15:45:03+00:00,-0.8779,0.0,0.498,0.502,"""They have trouble sleeping, sometimes they're anxious, depressed, crying, primarily,"" an official at a children's‚Ä¶ https://t.co/Q01BwVkM0h"
@nytimes,2018-06-22 15:35:04+00:00,-0.34,0.124,0.671,0.205,"RT @nytimesbusiness: Although history suggests that no one wins a trade war, some in the Trump camp cite an exception: the ‚Äúbanana war‚Äù wag‚Ä¶"
@nytimes,2018-06-22 15:25:07+00:00,0.0,0.0,1.0,0.0,"Iceland tries to keep the magic going after drawing Argentina, and Nigeria tries to turn things around after a dire‚Ä¶ https://t.co/LY7w8EtU8M"
@nytimes,2018-06-22 15:10:04+00:00,0.7096,0.247,0.753,0.0,China has ambitious plans to compete head-to-head with the United States and other nations in the technology of tom‚Ä¶ https://t.co/5BqvmZ3P63
@nytimes,2018-06-22 15:00:20+00:00,0.0,0.0,1.0,0.0,"Overnight, the jobs of consular officials from Central American countries in New York changed from processing passp‚Ä¶ https://t.co/Bn1HdnMdtX"
@nytimes,2018-06-22 14:50:04+00:00,0.3182,0.133,0.867,0.0,"RT @nytopinion: For a World Cup family adventure, we tore it up in Iceland, says @gwenoxenham https://t.co/XkviAqCFKQ"
@nytimes,2018-06-22 14:45:54+00:00,0.5574,0.184,0.816,0.0,"Breaking News: The Supreme Court issued a major privacy decision, saying the government generally needs a warrant f‚Ä¶ https://t.co/0qCPCzh3fB"
@nytimes,2018-06-22 14:40:35+00:00,0.2732,0.33,0.493,0.177,Environmental advocates hope that DNA databases for trees can help prevent illegal logging https://t.co/dKRWO4AEzY
@nytimes,2018-06-22 14:30:19+00:00,0.4404,0.139,0.802,0.059,"Iceland's team is strong, disciplined and hard to rattle. It is also unusually close to its fans. ""Everyone in the‚Ä¶ https://t.co/B7V1pO3wVg"
@nytimes,2018-06-22 14:20:04+00:00,-0.2023,0.064,0.833,0.103,"""We might have underestimated the number of primate extinctions caused by humans in the past."" Researchers have ide‚Ä¶ https://t.co/YjbqB6dLxH"
@nytimes,2018-06-22 14:10:02+00:00,-0.25,0.0,0.875,0.125,"Benetton used photos of real migrants in an ad campaign, drawing howls of protest https://t.co/mdI1GV0daS"
@nytimes,2018-06-22 13:59:03+00:00,0.0,0.0,1.0,0.0,Coutinho and Neymar both scored in stoppage time to give Brazil a 2-0 lead over Costa Rica https://t.co/kdYFUSjI97
@nytimes,2018-06-22 13:44:04+00:00,0.0,0.0,1.0,0.0,"A restrictive guardianship system means that Saudi women remain dependents of male relatives ‚Äî a father, husband, b‚Ä¶ https://t.co/bdYBShz5X9"
@nytimes,2018-06-22 13:16:05+00:00,0.0,0.0,1.0,0.0,President Trump said that North Korea had already begun to denuclearize. A fact check: https://t.co/WNP7FR8DoU
@nytimes,2018-06-22 13:00:08+00:00,0.0,0.0,1.0,0.0,Morning Briefing: Here's what you need to know to start your day https://t.co/1MXRlsWdZ8 https://t.co/KRYQfBIjAg
@nytimes,2018-06-22 12:45:04+00:00,0.8225,0.296,0.658,0.046,The largest United States banks could soon be free to pay out as much as $90 billion in spare profits to their shar‚Ä¶ https://t.co/NjmVuq6Wfk
@nytimes,2018-06-22 12:30:07+00:00,0.0,0.0,1.0,0.0,City officials first learned that migrant children were being sent to New York after a relative of a Honduran child‚Ä¶ https://t.co/OW9wHiNfxo
@nytimes,2018-06-22 12:16:05+00:00,0.0,0.0,1.0,0.0,Brazil vs. Costa Rica: Live updates https://t.co/n3dtarT1jR
@nytimes,2018-06-22 12:00:08+00:00,-0.6369,0.104,0.607,0.289,RT @nytimesworld: The Trump tariffs are doing a good job at hurting European companies. The only problem is what's hurting: their operation‚Ä¶
@nytimes,2018-06-22 11:45:07+00:00,-0.34,0.098,0.748,0.154,"""I feel like I'm going to die. I feel powerless."" A woman from Guatemala said she had not seen her 8-year-old daugh‚Ä¶ https://t.co/jOuoH5iuH6"
@nytimes,2018-06-22 11:29:01+00:00,0.34,0.118,0.882,0.0,"President Trump is sending his national security adviser, John Bolton, to Moscow next week to discuss a possible me‚Ä¶ https://t.co/S0OmISXz7H"
@nytimes,2018-06-22 11:14:06+00:00,0.0,0.0,1.0,0.0,"As a ""complete goalkeeper,"" Brazil's Alisson Becker is rewriting stereotypes about goalkeepers from his country https://t.co/07iSAt7f3U"
@nytimes,2018-06-22 11:00:03+00:00,0.0,0.0,1.0,0.0,"The 2018 World Cup is now underway in Russia. How it ended up there involves some names you might recognize: Comey,‚Ä¶ https://t.co/Iyc31rwPU9"
@nytimes,2018-06-22 10:44:04+00:00,-0.5859,0.11,0.63,0.26,"Another diplomat working at the United States Embassy in Havana has been sickened by a mysterious attack, the State‚Ä¶ https://t.co/6UIQcxkTo7"
@nytimes,2018-06-22 10:32:03+00:00,0.0,0.0,1.0,0.0,President Trump unveiled a plan on Thursday to overhaul the federal government that could have a profound effect on‚Ä¶ https://t.co/omL8UMtOOa
@nytimes,2018-06-22 10:10:07+00:00,0.0,0.0,1.0,0.0,Morning¬†Briefing: Here's what you need to know to start your day https://t.co/j3StpihzKM https://t.co/qtKw6Qicvd
@nytimes,2018-06-22 10:00:10+00:00,-0.7269,0.0,0.757,0.243,Women took to the streets in several Spanish cities after five men who were found guilty of sexually assaulting a w‚Ä¶ https://t.co/MkkD55pc2G
@nytimes,2018-06-22 09:45:10+00:00,-0.3182,0.0,0.892,0.108,Argentina put in a shambolic display against Croatia in a 3-0 loss that left it on the verge of early elimination https://t.co/cwONV6dDYO
@nytimes,2018-06-22 09:30:15+00:00,-0.3182,0.0,0.881,0.119,"The European Union fought back against the Trump administration‚Äôs tariffs, slapping penalties on an array of Americ‚Ä¶ https://t.co/MF5pMz11iE"
@nytimes,2018-06-22 09:15:05+00:00,0.4215,0.128,0.872,0.0,"The United States is preparing to shelter as many as 20,000 migrant children on four American military bases, a Pen‚Ä¶ https://t.co/IMTBkqJapy"
@nytimes,2018-06-22 09:00:06+00:00,-0.3836,0.117,0.668,0.214,"""If you have never watched 'The Great British Baking Show,' there really is no better time to start than now"" https://t.co/Oy2fTVjn6Z"
@nytimes,2018-06-22 08:45:02+00:00,-0.6764,0.058,0.738,0.204,RT @nytimesworld: Mexican fans' chant of a gay slur at the World Cup has resulted in another fine for the team and more threats of dire con‚Ä¶
@nytimes,2018-06-22 08:30:01+00:00,0.0,0.0,1.0,0.0,"Melania Trump's spokeswoman said it was ""just a jacket"" ‚Äî nothing to see here https://t.co/WNkoYhpGOQ"
@nytimes,2018-06-22 08:15:05+00:00,0.0,0.0,1.0,0.0,RT @nytimesworld: The Eritrean leader noted ‚Äúpositive signals‚Äù in recent days from Ethiopia and said the delegation would ‚Äúgauge current de‚Ä¶
@nytimes,2018-06-22 08:02:05+00:00,0.0,0.0,1.0,0.0,"Amrita Sher-Gil, a pioneer of modern Indian art, used her paintbrush to depict the daily lives of Indian women in t‚Ä¶ https://t.co/Atmxk881vj"
@nytimes,2018-06-22 07:47:07+00:00,0.5267,0.188,0.812,0.0,"It was like a scene straight out of an action movie.

A man in the busy shopping district of Manchester, England, c‚Ä¶ https://t.co/DUWxD7caVV"
@nytimes,2018-06-22 07:32:00+00:00,-0.3252,0.0,0.794,0.206,This summery recipe from Jacques P√©pin couldn't be easier https://t.co/vIqBtEhisX
@nytimes,2018-06-22 07:18:01+00:00,0.4404,0.244,0.756,0.0,RT @NYTScience: Why elephants can smell better than you https://t.co/lVFoSMARAx
@nytimes,2018-06-22 07:02:06+00:00,0.6249,0.313,0.687,0.0,Zanzibar is known for its joyous Eid al-Fitr celebration https://t.co/LLlJpR4NeL
@nytimes,2018-06-22 06:39:33+00:00,-0.6705,0.0,0.667,0.333,"Unneeded Drugs Killed Hundreds at U.K. Hospital, Inquiry Finds https://t.co/x0CgBIPjAj"
@nytimes,2018-06-22 06:32:01+00:00,0.0,0.0,1.0,0.0,"RT @nytgraphics: Migrants are on the rise around the world, and myths about them are shaping attitudes. 1/6 https://t.co/kmyV3oi7Yp https:/‚Ä¶"
@nytimes,2018-06-22 06:06:04+00:00,0.296,0.216,0.784,0.0,"Nina Simone's childhood home is now a National Treasure
https://t.co/Yira92SWfA"
@nytimes,2018-06-22 05:49:55+00:00,0.0,0.0,1.0,0.0,Why does every thrift store (and their clothes) smell the same? And how do I get rid of the smell? Science to the r‚Ä¶ https://t.co/lciI5sypYl
@nytimes,2018-06-22 05:32:02+00:00,-0.8625,0.0,0.719,0.281,RT @NYTMetro: A New Jersey sixth grader was called ‚Äúfat‚Äù and ‚Äújiggly‚Äù and was asked when she would kill herself during months of bullying t‚Ä¶
@nytimes,2018-06-22 05:14:00+00:00,0.0,0.0,1.0,0.0,"ABC is planning a ‚ÄúRoseanne‚Äù spinoff without Roseanne Barr, less than a month after canceling the revival because o‚Ä¶ https://t.co/fxkFBnocLg"
@nytimes,2018-06-22 04:56:37+00:00,0.2263,0.095,0.905,0.0,"There is compelling evidence for the idea that viruses might be involved in Alzheimer‚Äôs, particularly 2 types of he‚Ä¶ https://t.co/KwVG3mHGdO"
@nytimes,2018-06-22 04:39:47+00:00,0.4215,0.128,0.872,0.0,Koko's tenderness and aptitude for sign language touched the lives of millions. She met Robin Williams in 2001 and‚Ä¶ https://t.co/wPZwpz1kgz
@nytimes,2018-06-22 04:23:06+00:00,-0.3612,0.0,0.884,0.116,RT @nytopinion: A U.S. government film from 1943 justifying the detention of Japanese-Americans in internment camps has new relevance in li‚Ä¶
@nytimes,2018-06-22 04:08:02+00:00,-0.765,0.0,0.663,0.337,"Greece Prepares to Stagger Back From Debt Crisis, the End of Bailouts in Sight https://t.co/sbiEERRG8W"
@nytimes,2018-06-22 04:02:04+00:00,0.0,0.0,1.0,0.0,Remains of an extinct gibbon were found in the tomb of an ancient Chinese noblewoman. Researchers believe it was an‚Ä¶ https://t.co/MtNEEoPwdv
@nytimes,2018-06-22 03:47:05+00:00,0.4404,0.132,0.868,0.0,"36 Hours in Seville: Take a tapas tour, learn the basics of flamenco, or relax in thermal baths inside a Mud√©jar-st‚Ä¶ https://t.co/pul0spS0ZX"
@nytimes,2018-06-22 03:32:07+00:00,-0.2023,0.115,0.738,0.148,"Amrita Sher-Gil, often called the ""Indian Frida Kahlo,"" was 28 when she died and was just gaining widespread popula‚Ä¶ https://t.co/FJH7Xn5U4y"
@nytimes,2018-06-22 03:19:50+00:00,-0.7717,0.0,0.573,0.427,Newly Discovered ‚ÄòLimb Pit‚Äô Reveals Civil War Surgeons‚Äô Bitter Choices https://t.co/oUIRuYdCiY
@nytimes,2018-06-22 03:17:03+00:00,-0.2263,0.0,0.913,0.087,"RT @jackhealyNYT: Thousands of miles from her daughter. Unable to visit. Limited to two calls a week. Reunion in a month, maybe. 

https://‚Ä¶"
@nytimes,2018-06-22 03:05:20+00:00,-0.25,0.0,0.846,0.154,"16 and Alone, Inside a Center for Separated Children in New York https://t.co/3Hb75v1mEM"
@nytimes,2018-06-22 03:02:02+00:00,-0.4391,0.0,0.855,0.145,A large die-off of bald eagles in Maryland in 2016 was caused by a highly restricted and toxic pesticide https://t.co/L5BATiR3yR
@nytimes,2018-06-22 02:47:01+00:00,0.4939,0.167,0.833,0.0,"A lifelong friend to other animals, Koko displayed an endearing gentleness toward cats. Her relationship with a kit‚Ä¶ https://t.co/yOsbFY5HJl"
@nytimes,2018-06-22 02:32:04+00:00,-0.8555,0.0,0.682,0.318,Parents of a New Jersey sixth grader who killed herself last year after months of bullying sued school officials th‚Ä¶ https://t.co/2GAlCggaDm
